SKU,Missing/Zero Columns,Description,Qty
141-2976M-12,Total Onhand,[E&O] ION TYPE 141 GLOSS BLACK/MILLED SPOKES 20X9 8-165.1/8-170 -12MM 130.8MM,0
151-2950M18,Total Onhand,[E&O] ION 151 151 GLOSS BLACK/MILLED 20X9 5-150 18MM 110MM,0
151-2983M0,Total Onhand,[E&O] ION 151 151 GLOSS BLACK/MILLED 20X9 6-139.7 0MM 106MM,0
152-2937BM,Total Onhand,[E&O] ION 152 152 BLACK/MACHINED 20X9 6-139.7/6-135 0MM 106MM,0
152-2978M,Total Onhand,[E&O] ION 152 152 BLACK/MILLED 20X9 8-180 0MM 124.1MM,0
152-2981M,Total Onhand,[E&O] ION 152 152 BLACK/MILLED 20X9 8-165.1 0MM 125.2MM,0
185-6514LS388,MSRP,[E&O] TIRE - LANDSAIL LS388 92H XL,8
20015,Total Onhand,[E&O] SKY RIDGE PIKE 2 ANNEX ROOM,0
20021,Total Onhand,[E&O] SKY RIDGE 4.5' AWNING,0
20023,Total Onhand,[E&O] SKY RIDGE 270 AWNING DRIVER SIDE WITH MOUNTNG BRACKETS,0
20024,Total Onhand,[E&O] SKY RIDGE 270 AWNING PASSENGER SIDE WITH MOUNTNG BRACKETS,0
20025,Total Onhand,SKY RIDGE 180XL AWNING WITH MOUNTING BRACKETS,0
20026,Total Onhand,SKY RIDGE 270XL AWNING DRIVER SIDE WITH MOUNTING BRACKETS,0
20027,Total Onhand,SKY RIDGE 270XL AWNING PASSENGER SIDE WITH MOUNTING BRACKETS,0
2024,Total Onhand,[E&O] SKY RIDGE 270 AWNING PASSENGER SIDE,0
215-4017LS588UHP,"MSRP, Total Onhand",[E&O] TIRE - LANDSAIL LS588 UHP 87W XL,0
215-4018LANDSAIL,"MSRP, Total Onhand",[E&O] TIRE - LANDSAIL,0
215-4018LS588UHP,MSRP,[E&O] TIRE - LANDSAIL LS588 UHP,3
225-3520LS588UHP,"MSRP, Total Onhand",[E&O] TIRE - LANDSAIL LS588 UHP 90W XL,0
225-4018LS388,MSRP,[E&O] TIRE - LANDSAIL LS388 92W XL,1
225-5017LS388,MSRP,[E&O] TIRE - LANDSAIL LS388,5
225-5517LS388UHP,"MSRP, Total Onhand",[E&O] TIRE - LANDSAIL LS388 UHP 94W XL,0
235-6047LANDSAIL,"MSRP, Total Onhand",[E&O] TIRE - LANDSAIL LS388 92H XL,0
245-3022LS588UHP,"MSRP, Total Onhand",[E&O] TIRE - LANDSAIL LS588 UHP 95W XL,0
245-4018LS588UHP,MSRP,[E&O] TIRE - LANDSAIL LS588 UHP 84W XL,1
245-7017LSCLX11,"MSRP, Total Onhand",[E&O] TIRE - LANDSAIL CLX-11,0
255-3026LS588SUV,MSRP,[E&O] TIRE - LANDSAIL LS588 SUV 104V XL,2
255-5019LEXANI,"MSRP, Total Onhand",[E&O] TIRE - LEXANI,0
255-5519LS588SUV,"MSRP, Total Onhand",[E&O] TIRE - LANDSAIL LS588 SUV 112H XL,0
265-3019LS588UHP,MSRP,[E&O] TIRE - LANDSAIL LS588 UHP 99W XL,16
265-3520LS588UHP,MSRP,[E&O] TIRE - LANDSAIL LS588 UHP,6
265-3522LS588SUV,MSRP,[E&O] TIRE - LANDSAIL LS588 SUV 102W XL,1
265-4520LS588SUV,MSRP,[E&O] TIRE - LANDSAIL LS588 SUV,11
265-7017AMP/RTSL,Total Onhand,P265/70R17 TERRAIN ATTACK R/T 113T SL,0
272-87010P2D,Total Onhand,[E&O] S72 PVD #2 [CHROME]-18X7.5 4-100/4-114.3 67.1 +40mm,0
275-3020LS588UHP,"MSRP, Total Onhand",[E&O] TIRE - LANDSAIL LS588 UHP 97W XL,0
275-4522LS588SUV,MSRP,[E&O] TIRE - LANDSAIL LS588 SUV,1
2801,Total Onhand,[E&O] STUD  12 X 1.25 WHEEL,0
2802,Total Onhand,[E&O] STUD  14 X 1.50 X 1/2 WHEEL,0
2804,Total Onhand,[E&O] STUD  14 X 1.50 X 14 X 1.50 WHEEL,0
285-3522LS588SUV,"MSRP, Total Onhand",[E&O] TIRE - LANDSAIL LS588 SUV 106W XL,0
285-6018LS588SUV,MSRP,[E&O] TIRE - LANDSAIL LS588 SUV 117W XL,8
2911,Total Onhand,[E&O] VALVE STEM  45 DEGREE  CHROME,0
295-2524LS588SUV,"MSRP, Total Onhand",[E&O] TIRE - LANDSAIL LS588 SUV 109W XL,0
295-3020LS588UHP,MSRP,[E&O] TIRE - LANDSAIL LS588 UHP 84W XL,1
305-4522LS588SUV,MSRP,[E&O] TIRE - LANDSAIL LS588 SUV 118V XL,32
3208-22932GB35,Total Onhand,TOUREN TR08 3208 GLOSS BLACK 22X9 6-120 35MM 66.9MM,0
3208-22932GS35,Total Onhand,TOUREN TR08 3208 GLOSS SILVER 22X9 6-120 35MM 66.9MM,0
3208-22936GB25,Total Onhand,TOUREN TR08 3208 GLOSS BLACK 22X9 6-135 25MM 87.1MM,0
3208-22936GS25,Total Onhand,TOUREN TR08 3208 GLOSS SILVER 22X9 6-135 25MM 87.1MM,0
3208-24136GB30,Total Onhand,TOUREN TR08 3208 GLOSS BLACK 24X10 6-135 30MM 87.1MM,0
3208-24183GB25,Total Onhand,TOUREN TR08 3208 GLOSS BLACK 24X10 6-139.7 25MM 106.1MM,0
3208-2932GB35,Total Onhand,TOUREN TR08 3208 GLOSS BLACK 20X9 6-120 35MM 66.9MM,0
3208-2932GS35,Total Onhand,TOUREN TR08 3208 GLOSS SILVER 20X9 6-120 35MM 66.9MM,0
3208-2936GB25,Total Onhand,TOUREN TR08 3208 GLOSS BLACK 20X9 6-135 25MM 87.1MM,0
3208-2936GS25,Total Onhand,TOUREN TR08 3208 GLOSS SILVER 20X9 6-135 25MM 87.1MM,0
3222-4603B,Total Onhand,[E&O] TOUREN TR22 BLACK 14X6 5-100/5-114.3 40mm 72.62m,0
3222-4603S,Total Onhand,[E&O] TOUREN TR22 HYPERSILVER 14X6 5-100/5-114.3 40mm 72.62m,0
3260-7701FMB,Total Onhand,TOUREN TR60 3260 FULL MATTE BLACK 17X7.5 4-100/4-114.3 42MM 67.1MM,0
3270-7765B,Total Onhand,[E&O] TOUREN TR70 3270 BLACK/MILLED SPOKES 17X7.5 5-114.3 40MM 72.62MM,0
3276-2845G35-BALL,Total Onhand,TOUREN TR76 3276 GRAPHITE 20X8.5 5-112 35MM 66.56MM WITH BALL SEAT,0
3276-2845GB35-BALL,Total Onhand,TOUREN TR76 3276 GLOSS BLACK 20X8.5 5-112 35MM 66.56MM WITH BALL SEAT,0
3276-7845G35-BALL,Total Onhand,TOUREN TR76 3276 GRAPHITE 17X8 5-112 35MM 66.56MM WITH BALL SEAT,0
3276-7845GB35-BALL,Total Onhand,TOUREN TR76 3276 GLOSS BLACK 17X8 5-112 35MM 66.56MM WITH BALL SEAT,0
3276-8844G35,Total Onhand,TOUREN TR76 3276 GRAPHITE 18X8 5-100 35MM 56.1MM,0
3276-8845G35-BALL,Total Onhand,TOUREN TR76 3276 GRAPHITE 18X8 5-112 35MM 66.56MM WITH BALL SEAT,0
3276-8845GB35-BALL,Total Onhand,TOUREN TR76 3276 GLOSS BLACK 18X8 5-112 35MM 66.56MM WITH BALL SEAT,0
3276-9845G35-BALL,Total Onhand,TOUREN TR76 3276 GRAPHITE 19X8.5 5-112 35MM 66.56MM WITH BALL SEAT,0
3276-9845GB35-BALL,Total Onhand,TOUREN TR76 3276 GLOSS BLACK 19X8.5 5-112 35MM 66.56MM WITH BALL SEAT,0
3279-2936TM30,Total Onhand,[E&O] TOUREN TR79 3279 GLOSS BLACK W/DARK TINT  20X9 6-135 30MM 87.1MM,0
3279-2945GB35-BALL,Total Onhand,TOUREN TR79 3279 GLOSS BLACK 20X9 5-112 35MM 66.56MM WITH BALL SEAT,0
3279-2962GB35,Total Onhand,TOUREN TR79 3279 GLOSS BLACK 20X9 6-132 35MM 74.5MM,0
3279-2983TM30,Total Onhand,[E&O] TOUREN TR79 3279 GLOSS BLACK W/DARK TINT  20X9 6-139.7 30MM 106.1MM,0
3279-7810GB35,Total Onhand,TOUREN TR79 3279 GLOSS BLACK 17X8 5-110 35MM 65.1MM,0
3279-7845GB35-BALL,Total Onhand,TOUREN TR79 3279 GLOSS BLACK 17X8 5-112 35MM 66.56MM WITH BALL SEAT,0
3279-7864GB35,Total Onhand,TOUREN TR79 3279 GLOSS BLACK 17X8 5-115 35MM 70.3MM,0
3279-7865GB64-BALL,Total Onhand,TOUREN TR79 3279 GLOSS BLACK 17X8 5-114.3 35MM 64.1MM BALL SEAT,0
3279-7865MG35,Total Onhand,TOUREN TR79 3279 MATTE GUNMETAL 17X8 5-114.3 35MM 72.6MM,0
3279-8810GB35,Total Onhand,TOUREN TR79 3279 GLOSS BLACK 18X8 5-110 35MM 65.1MM,0
3279-8845GB35-BALL,Total Onhand,TOUREN TR79 3279 GLOSS BLACK 18X8 5-112 35MM 66.56MM WITH BALL SEAT,0
3279-8845MG35,Total Onhand,TOUREN TR79 3279 MATTE GUNMETAL 18X8 5-112 35MM 66.56MM,0
3279-8845MG35-BALL,Total Onhand,TOUREN TR79 3279 MATTE GUNMETAL 18X8 5-112 35MM 66.56MM WITH BALL SEAT,0
3279-8864GB35,Total Onhand,TOUREN TR79 3279 GLOSS BLACK 18X8 5-115 35MM 70.3MM,0
3279-8865GB64-BALL,Total Onhand,TOUREN TR79 3279 GLOSS BLACK 18X8 5-114.3 35MM 64.1MM WITH BALL SEAT,0
3279-8865MG35,Total Onhand,TOUREN TR79 3279 MATTE GUNMETAL 18X8 5-114.3 35MM 72.6MM,0
3279-8865MG60,Total Onhand,TOUREN TR79 3279 MATTE GUNMETAL 18X8 5-114.3 35MM 60.1MM,0
3279-8865MG64-BALL,Total Onhand,TOUREN TR79 3279 MATTE GUNMETAL 18X8 5-114.3 35MM 64.1MM WITH BALL SEAT,0
3279-8865MG67,Total Onhand,TOUREN TR79 3279 MATTE GUNMETAL 18X8 5-114.3 35MM 67.1MM,0
3279-9845GB35-BALL,Total Onhand,TOUREN TR79 3279 GLOSS BLACK 19X8.5 5-112 35MM 66.56MM WITH BALL SEAT,0
3279-9864GB35OE,Total Onhand,TOUREN TR79 3279 GLOSS BLACK 19X8.5 5-115 35MM 72.6MM  PCD 15-33,0
3279-9865GB64,Total Onhand,TOUREN TR79 3279 GLOSS BLACK 19X8.5 5-114.3 35MM 64.1-70.2MM,0
3279-9865MG35,Total Onhand,TOUREN TR79 3279 MATTE GUNMETAL 19X8.5 5-114.3 35MM 72.6MM,0
3279-9865MG64,Total Onhand,TOUREN TR79 3279 MATTE GUNMETAL 19X8.5 5-114.3 35MM 64.1-70.2MM,0
3280-7814GB35,"MSRP, Total Onhand",TOUREN TR80 3280 GLOSS BLACK 17X8 5-108/5-114.3 35MM 72.6MM,0
3280-7814S35,"MSRP, Total Onhand",TOUREN TR80 3280 GLOSS SILVER 17X8 5-108/5-114.3 35MM 72.6MM,0
3280-8809GB30,"MSRP, Total Onhand",TOUREN TR80 3280 GLOSS BLACK 18X8.5 5-112/5-120 30MM 66.56MM,0
3280-8809S30,"MSRP, Total Onhand",TOUREN TR80 3280 GLOSS SILVER 18X8.5 5-112/5-120 30MM 66.56MM,0
3280-8814GB35,"MSRP, Total Onhand",TOUREN TR80 3280 GLOSS BLACK 18X8.5 5-108/5-114.3 35MM 72.6MM,0
3280-8814S35,"MSRP, Total Onhand",TOUREN TR80 3280 GLOSS SILVER 18X8.5 5-108/5-114.3 35MM 72.6MM,0
33-125020AMP/RTE,Total Onhand,33X12.50R20LT TERRAIN ATTACK R/T 114Q LR E,0
35-125017AMP/RTE,Total Onhand,35X12.50R17LT TERRAIN ATTACK R/T 125Q LR E,0
3505-2912GB35,"MSRP, Total Onhand",TOUREN TF05 3505 GLOSS BLACK 20X9 5-120 35MM 72.56MM,0
3505-2912S35,"MSRP, Total Onhand",TOUREN TF05 3505 SILVER 20X9 5-120 35MM 72.56MM,0
3505-2945GB35,"MSRP, Total Onhand",TOUREN TF05 3505 GLOSS BLACK 20X9 5-112 35MM 66.56MM,0
3505-2945S35,"MSRP, Total Onhand",TOUREN TF05 3505 SILVER 20X9 5-112 35MM 66.56MM,0
3505-2965GB40,"MSRP, Total Onhand",TOUREN TF05 3505 GLOSS BLACK 20X9 5-114.3 40MM 72.6MM,0
3505-2965S40,"MSRP, Total Onhand",TOUREN TF05 3505 SILVER 20X9 5-114.3 40MM 72.6MM,0
3505-8812GB35,"MSRP, Total Onhand",TOUREN TF05 3505 GLOSS BLACK 18X8.5 5-120 35MM 72.56MM,0
3505-8812S35,"MSRP, Total Onhand",TOUREN TF05 3505 SILVER 18X8.5 5-120 35MM 72.56MM,0
3505-8845GB35,"MSRP, Total Onhand",TOUREN TF05 3505 GLOSS BLACK 18X8.5 5-112 35MM 66.56MM,0
3505-8845S35,"MSRP, Total Onhand",TOUREN TF05 3505 SILVER 18X8.5 5-112 35MM 66.56MM,0
3505-8865GB40,"MSRP, Total Onhand",TOUREN TF05 3505 GLOSS BLACK 18X8.5 5-114.3 40MM 72.6MM,0
3505-8865S40,"MSRP, Total Onhand",TOUREN TF05 3505 SILVER 18X8.5 5-114.3 40MM 72.6MM,0
3507-2931GB32,Total Onhand,TOUREN TF07 3507 GLOSS BLACK 20X9 5-108 32MM 63.5MM,0
3507-29512GB15,Total Onhand,TOUREN TF07 3507 GLOSS BLACK 20X9.5 5-120 15MM 74.1MM,0
3507-29545GB25,Total Onhand,TOUREN TF07 3507 GLOSS BLACK 20X9.5 5-112 25MM 66.56MM,0
3507-29564GB18,Total Onhand,TOUREN TF07 3507 GLOSS BLACK 20X9.5 5-115 18MM 72.62MM,0
3507-29565GB30,Total Onhand,TOUREN TF07 3507 GLOSS BLACK 20X9.5 5-114.3 30MM 74.1MM,0
3507-2964GB40,Total Onhand,TOUREN TF07 3507 GLOSS BLACK 20X9 5-115 40MM 74.1MM,0
38-135024AMP/CM2F,Total Onhand,MT TERRAIN ATTACK 38X13.50R24LT-12PR 127QF 80PSI MAX,0
4307-4-BLK,Total Onhand,[E&O] ACORN SOCKET TYPE LOCK BLACK 12X1.25 RH,0
50205-GM,Total Onhand,1999-2006 CHEVROLET SILVERADO 1500/GMC SIERRA 1500 MODELS 2WD 2' COIL SPAC,0
50207-FD-SHOCKEXT,Total Onhand,THE SHOCK EXTENSIONS OF 50207-FD (PAIR),0
50208-DG-SHOCKEXT,Total Onhand,THE SHOCK EXTENSIONS OF 50208-DG(PAIR),0
50507-NN,Total Onhand,2005-2024 NISSAN FRONTIER/XTERRA 2WD/4WD 2.5 INCH STRUT SPACER,0
505071-TC,Total Onhand,[E&O] 2005-2022 TOYOTA TACOMA (5 LUG) 2WD 2.5' STRUT SPAC,0
505072-TC,Total Onhand,[E&O] [DISCO] 2005-2019 TOYOTA TACOMA (6 LUG) 2WD 2.5 INCH STRUT SPACER,0
505072-TN,Total Onhand,[E&O] 1995-2004 TOYOTA TACOMA 2WD/4WD 2.5' STRUT SPAC,0
5094PPXLK8-BLK,Total Onhand,14x1.5 8 LUG DUALLY KIT BLACK 16 0.8 IN. & 16 1.5 IN. SHANK LUGS WASHERS 1 KEY,0
5126-RAW,Total Onhand,Mirror set for TrailDoors (INCOMPLETE),0
5129,Total Onhand,[E&O] [DISCO] 2005-2023 TACOMA CREW CAB - BED ACCESSORIES SPORT RACK BASKET (MUST BE SOLD WITH TC-6124),0
5146,Total Onhand,2007-2024 JEEP WRANGLER JK/JL & GLADIATOR JT HINGE STEPS (PR),0
5294-BRNGKIT,Total Onhand,BEARING KIT FOR BODY ARMOR SWING ARMS (5294/5295/5296/5298/5297/TC-5293),0
5307-GM,Total Onhand,GM 15+ CANYON / COLORADO  2WD / 4WD 2.5' (STRUT+ COIL SPACERS),0
5363-43-BLK,Total Onhand,[E&O] ACORN LUG BOLTS - CONICAL SEAT 14X1.25 BLACK 43mm,0
5366-40-BLK,Total Onhand,[E&O] ACORN LUG BOLTS - CONICAL SEAT 14X1.5 BLACK 40mm,0
5369,Total Onhand,[E&O] ACORN LUG BOLTS - CONICAL SEAT 12X1.75 CHROME 17MM HEX,0
5390-BLK,Total Onhand,[E&O] ET BULGE BLACK 1/2 HEX: 3/4 1.40 in,0
5394L-BLK,Total Onhand,[E&O] LONG BULGE ET 14X1.5 HEX:3/4' 1.75 LONG '0.62DIA' BLACK,0
5450K6,Total Onhand,[E&O] 1/2' - 5 & 6 LUG BULGE ACORN KIT,0
5452L,Total Onhand,[E&O] ACORN BULGE CLOSED END [LONG] 7/16 IN. - 20RH CHROME 3/4 IN. 1.75 IN.,0
5455L-BLK,Total Onhand,LONG BULGE 12MMX1.5 3/4 HEX 1.75 BLACK,0
5458LK8-BLK,Total Onhand,[E&O] 9/16 in - 8 LUG BULGE ACORN KIT [LONG] BLACK,0
5485,Total Onhand,[E&O] WASHER  MED. ZINC - 5 LUG PASSENGER,0
5494C,Total Onhand,[E&O] WASHER  8 GA 1 1/16 O.D. CHROME,0
5736DK8-Z,Total Onhand,[E&O] 14x2.0 - 8 LUG ZINC KIT OPEN END SPLINE INSTALL KITS,0
5740L,Total Onhand,CLOSED END SPLINE - TRUCK/SUV [LONG] 1/2 IN. - 20RH CHROME  2.00 IN.,0
5743B-43-BLK,Total Onhand,[E&O] SPLINE LUG BOLTS 14X1.25 BLACK 43mm,0
5744DKJ,Total Onhand,14x1.5 - JEEP - 23 LUG Closed End  SPLINE DRIVE KIT,0
5744DKJ-BLK,Total Onhand,14x1.5 - JEEP - 23 LUG Closed End SPLINE DRIVE KIT BLACK,0
5747B33K5-BLK,Total Onhand,[E&O] 12x1.25 - 4 & 5 LUG SPLINE BOLT BLACK [33mm],0
610-7865G,Total Onhand,[E&O] RIDLER 610 610 GREY/POLISHED LIP 17X8 5-114.3 0MM 83.82MM,0
652-8861GBD,Total Onhand,RIDLER 652 652 GLOSS BLACK WITH DIAMOND CUT FACE & LIP 18X8 5-120.65 0MM 83.82MM,0
661-2173GGD,Total Onhand,RIDLER 661 661 GLOSS GREY WITH DIAMOND CUT FACE AND LIP 20X10 5-127 0MM 83.82MM,0
661-8861GGD,Total Onhand,RIDLER 661 661 GLOSS GREY WITH DIAMOND CUT FACE AND LIP 18X8 5-120.65 0MM 83.82MM,0
681362,Total Onhand,C10695C-JEGS PLASTIC POP-IN CAP  FOR 695 CHROME FOR JEGS LOGO,0
681363,Total Onhand,C10695MB-JEGS PLASTIC POP-IN CAP  FOR 695 MATTE BLACK/MACHINED LIP FOR JEGS LOGO,0
681364,Total Onhand,PLASTIC POP-IN CAP  FOR 695 GREY/MACHINED LIP FOR JEGS LOGO,0
7000,Total Onhand,[E&O] 1/2' SPIKE LUGNUT CHROME,0
7004,Total Onhand,[E&O] 14X1.5' SPIKE LUGNUT CHROME,0
7004-BLK,Total Onhand,[E&O] 14X1.5' SPIKE LUGNUT BLACK,0
7005,Total Onhand,[E&O] 12X1.5 SPIKE LUGNUT CHROME,0
7006,Total Onhand,[E&O] 14X2.0 SPIKE LUGNUT CHROME,0
7006-BLK,Total Onhand,[E&O] 14X2.0 SPIKE LUGNUT BLACK,0
7206-BLK,Total Onhand,[E&O] 14X2.0' SPIKE MAG LUGNUT BLACK,0
7208,Total Onhand,[E&O] 9/16''  SPIKE MAG LUGNUT CHROME,0
8015-2181B,Total Onhand,[E&O] MAYHEM WARRIOR 8015 BLACK/MACHINED FACE 20X10 8-165.1 -25MM 130.8MM,0
8015-2970B,Total Onhand,[E&O] MAYHEM WARRIOR 8015 BLACK/MACHINED FACE 20X9 8-170 0MM 125.2MM,0
8015-7970BTR,Total Onhand,[E&O] MAYHEM WARRIOR 8015 BLACK W/PRISM RED 17X9 8-170 -12MM 125.2MM,0
8015-8981B18,Total Onhand,[E&O] MAYHEM WARRIOR 8015 BLACK/MACHINED FACE 18X9 8-165.1 18MM 130.8MM,0
8090-2970M18,Total Onhand,[E&O] MAYHEM RAMPAGE  8090 BLACK/MILLED SPOKES 20X9 8-170 18MM 125.2MM,0
8090-2970MB,Total Onhand,[E&O] MAYHEM RAMPAGE  8090 MATTE BLACK 20X9 8-170 0MM 125.2MM,0
8090-2981MB,Total Onhand,[E&O] MAYHEM RAMPAGE  8090 MATTE BLACK 20X9 8-165.1 0MM 130.8MM,0
8090-8970M18,Total Onhand,[E&O] MAYHEM RAMPAGE  8090 BLACK/MILLED SPOKES 18X9 8-170 18MM 125.2MM,0
8090-8970MB18,Total Onhand,[E&O] MAYHEM RAMPAGE  8090 MATTE BLACK 18X9 8-170 18MM 125.2MM,0
8090-8981MB18,Total Onhand,[E&O] MAYHEM RAMPAGE  8090 MATTE BLACK 18X9 8-165.1 18MM 130.8MM,0
8094PPXLK10-B,Total Onhand,14X1.5 10 LUG DUALLY KIT BLACK 20 0.8 IN. SHANK (FRONT) &20 1.5 IN. SHANK (REAR) LUGS,0
8101-22881MR121,Total Onhand,[E&O] MAYHEM MONSTIR 8101 REAR BLACK/MILLED SPOKES 22X8.25 8-165.1 -160MM 121.3MM,0
8101-2881MR121,Total Onhand,[E&O] MAYHEM MONSTIR 8101 REAR BLACK/MILLED SPOKES 20X8.25 8-165.1 -160MM 121.3MM,0
8103-7970M18,Total Onhand,[E&O] MAYHEM FIERCE 8103 BLACK/MILLED SPOKES 17X9 8-170 18MM 125.2MM,0
8107-2281BM,Total Onhand,[E&O] MAYHEM COGENT 8107 GLOSS BLACK/MILLED SPOKES 20X12 8-165.1 -51MM 130.8MM,0
8107-2970BM,Total Onhand,MAYHEM COGENT 8107 BLACK/MILLED SPOKES 20X9 8-170 0MM 125.2MM,0
8107-8970BTR,Total Onhand,[E&O] MAYHEM COGENT 8107 BLACK W/PRISM RED 18X9 8-170 0MM 125.2MM,0
8107D-2879BF115,Total Onhand,MAYHEM COGENT DUALLY (8107D) GLOSS BLACK 20X8.25 8-210 115MM 154.2MM,0
8107D-7677FP,Total Onhand,MAYHEM COGENT DUALLY (8107D) POLISHED 17X6.5 8-200 125MM 142MM,0
8107D-7681RP,Total Onhand,MAYHEM COGENT DUALLY (8107D) POLISHED 17X6.5 8-165.1 -142MM 121.3MM,0
8118-2937B,Total Onhand,[E&O] MAYHEM ORDINANCE 8118 GLOSS BLACK 20X9 6-135/6-139.7 0MM 106.1MM,0
8118-2937MZ,Total Onhand,[E&O] MAYHEM ORDINANCE 8118 MATTE BRONZE/MILLED 20X9 6-135/6-139.7 0MM 106.1MM,0
8118-2952BM,Total Onhand,[E&O] MAYHEM ORDINANCE 8118 GLOSS BLACK/MILLED 20X9 5-127/5-139.7 0MM 87.1MM,0
8120-22183GB-19,Total Onhand,MAYHEM HORIZON 8120 GLOSS BLACK 22X10 6-139.7 -19MM 106MM,0
8120-8936GB18,"MSRP, Total Onhand",MAYHEM HORIZON 8120 GLOSS BLACK 18X9 6-135 18MM 87.1MM,0
8120-8983GB18,"MSRP, Total Onhand",MAYHEM HORIZON 8120 GLOSS BLACK 18X9 6-139.7 18MM 106MM,0
8121-22170GB-19,Total Onhand,MAYHEM CYCLONE 8121 GLOSS BLACK 22X10 8-170 -19MM 125.2MM,0
8121-22181GB-19,Total Onhand,MAYHEM CYCLONE 8121 GLOSS BLACK 22X10 8-165.1 -19MM 125.2MM,0
8121-2983GB0,Total Onhand,MAYHEM CYCLONE 8121 GLOSS BLACK 20X9 6-139.7 0MM 106MM,0
8121-2983GB18,Total Onhand,MAYHEM CYCLONE 8121 GLOSS BLACK 20X9 6-139.7 18MM 106MM,0
8304-2936M0,"MSRP, Total Onhand",MAYHEM  DELTA 8304 MACHINED WITH SILVER WINDOW 20X9 6-135 0MM 87.1MM,0
8304-2970M0,"MSRP, Total Onhand",MAYHEM  DELTA 8304 MACHINED WITH SILVER WINDOW 20X9 8-170 0MM 125.2MM,0
8304-2981M0,"MSRP, Total Onhand",MAYHEM  DELTA 8304 MACHINED WITH SILVER WINDOW 20X9 8-165.1 0MM 125.2MM,0
8304-2983M0,"MSRP, Total Onhand",MAYHEM  DELTA 8304 MACHINED WITH SILVER WINDOW 20X9 6-139.7 0MM 106MM,0
8304-7936M0,"MSRP, Total Onhand",MAYHEM  DELTA 8304 MACHINED WITH SILVER WINDOW 17X9 6-135 0MM 87.1MM,0
8304-7973M12,"MSRP, Total Onhand",MAYHEM  DELTA 8304 MACHINED WITH SILVER WINDOW 17X9 5-127 -12MM 71.5MM,0
8304-7983M0,"MSRP, Total Onhand",MAYHEM  DELTA 8304 MACHINED WITH SILVER WINDOW 17X9 6-139.7 0MM 106MM,0
8304-7983M12,"MSRP, Total Onhand",MAYHEM  DELTA 8304 MACHINED WITH SILVER WINDOW 17X9 6-139.7 -12MM 106MM,0
8305-8970MB18,Total Onhand,[E&O] MAYHEM COMPASS 8305 MATTE BLACK 18X9 8-170 18MM 125.2MM,0
8305-8981MB18,Total Onhand,[E&O] MAYHEM COMPASS 8305 MATTE BLACK 18X9 8-165.1 18MM 125.2MM,0
8306-7883BZ25,Total Onhand,MAYHEM RIDGELINE 8306 SATIN BRONZE/BLACK LIP 17X8.5 6-139.7 25MM 106MM,0
8306-7883MB25,Total Onhand,MAYHEM RIDGELINE 8306 SATIN BLACK  17X8.5 6-139.7 25MM 106MM,0
8306-8983BZ20,Total Onhand,MAYHEM RIDGELINE 8306 SATIN BRONZE/BLACK LIP 18X9 6-139.7 20MM 106MM,0
8306-8983MB20,Total Onhand,MAYHEM RIDGELINE 8306 SATIN BLACK  18X9 6-139.7 20MM 106MM,0
8309-7973B,Total Onhand,[E&O] MAYHEM GRANITE 8309 SATIN BLACK 17X9 5-127 0MM 78.1MM,0
8358-Z,Total Onhand,9/16' OPEN END ACORN/ ZINC,0
8440-B,Total Onhand,1/2' BULGE ACORN/ BLACK CHROME,0
8440-C,Total Onhand,1/2' CLOSED END ACORN/ CHROME HEX 3/4,0
8442-C,Total Onhand,7/16' CLOSED END ACORN/ CHROME HEX 3/4,0
8443BK5-B,Total Onhand,[E&O] 14x1.25 Lug Bolt (27mm) Bulge Acorn (18 Point) 5 Lug 1.06' Black 16 lugs/ 4 locks/ 1 key,0
8444-B,Total Onhand,14-1.5 BULGE ACORN/ BLACK CHROME,0
8444-C,Total Onhand,14-1.5 CLOSED END ACORN/ CHROME HEX 3/4,0
8444L-B,Total Onhand,14-1.5 BULGE ACORN (LONG)/ BLACK CHROME,0
8444L-C,Total Onhand,14-1.5 CLOSED END ACORN (LONG)/ CHROME,0
8445-B,Total Onhand,12-1.5 BULGE ACORN/ BLACK CHROME,0
8445-C,Total Onhand,12-1.5 CLOSED END ACORN/ CHROME HEX 3/4,0
8445K5-B,Total Onhand,12x1.5 Closed End Bulge Acorn (18 Point) 5 Lug 1.38' Black 16 lugs/ 4 locks/ 1 key,0
8445K5-C,Total Onhand,12x1.5 Closed End Bulge Acorn (18 Point) 5 Lug 1.38' Chrome 16 lugs/ 4 locks/ 1 key,0
8447-B,Total Onhand,12-1.25 BULGE ACORN/ BLACK CHROME,0
8447-C,Total Onhand,12-1.25 CLOSED END ACORN/ CHROME HEX 3/4,0
8447K5-B,Total Onhand,[E&O] 12x1.25 Closed End Bulge Acorn (18 Point) 5 Lug 1.38' Black 16 lugs/ 4 locks/ 1 key,0
8447K6ET-B,Total Onhand,[E&O] 12x1.25 Closed End Bulge Acorn (18 Point) ET 6 Lug 1.62' Black 20 lugs/ 4 locks/ 1 key,0
8448L-B,Total Onhand,9/16' BULGE ACORN (LONG)/ BLACK CHROME,0
8448L-C,Total Onhand,9/16' CLOSED END ACORN (LONG)/ CHROME,0
8455-B,Total Onhand,12X1.5 BULGE ACORN (18 POINT) 35MM BLACK CHROME HEX 3/4',0
8458L-C,Total Onhand,9/16' BULGE ACORN  (18 POINT) 48MM CHROME HEX 3/4',0
8743B-B,Total Onhand,14-1.25 6SPLINE LUG BOLT OD20/ THREAD 27MM/ BLACK CHROME,0
8743B-C,Total Onhand,14-1.25 6SPLINE LUG BOLT/ OD20/ THREAD 27MM/ CHROME,0
8744-B,Total Onhand,14-1.5 CE 7SPLINE NUT/ OD23/ TTL 34MM/ BLACK CHROME,0
8744B-B,Total Onhand,14-1.5 6SPLINE LUG BOLT/ OD20/ THREAD 27MM/ BLACK CHROME,0
8744B-C,Total Onhand,14-1.5 6SPLINE LUG BOLT/ OD20/ THREAD 27MM/ CHROME,0
8744ET-C,Total Onhand,14x1.5 C/E 7Spline ET 1.62' 41MM CHROME,0
8745B-B,Total Onhand,12-1.5 6SPLINE LUG BOLT/ OD20/ THREAD 27MM/ BLACK CHROME,0
8745B-C,Total Onhand,12-1.5 6SPLINE LUG BOLT/ OD20/ THREAD 27MM/ CHROME,0
8745ET-C,Total Onhand,12x1.5 C/E Spline ET 1.62' 41MM CHROME,0
91010,Total Onhand,2021-2024 FORD BRONCO 2/4 DOOR FRONT SEAT COVER,0
9110-2170BMN,"MSRP, Total Onhand",CALI SUMMIT 9110 GLOSS BLACK/MILLED SPOKES 20X10 8-170 -25MM 125.2MM (NEW DESIGN),0
9110-2170PN,"MSRP, Total Onhand",CALI SUMMIT 9110 POLISHED 20X10 8-170 -25MM 125.2MM (NEW DESIGN),0
9110-2178BMN,"MSRP, Total Onhand",CALI SUMMIT 9110 GLOSS BLACK/MILLED SPOKES 20X10 8-180 -25MM 124.1MM (NEW DESIGN),0
9110-2178PN,"MSRP, Total Onhand",CALI SUMMIT 9110 POLISHED 20X10 8-180 -25MM 124.1MM (NEW DESIGN),0
9110-2181BMN,"MSRP, Total Onhand",CALI SUMMIT 9110 GLOSS BLACK/MILLED SPOKES 20X10 8-165.1 -25MM 125.2MM (NEW DESIGN),0
9110-2181PN,"MSRP, Total Onhand",CALI SUMMIT 9110 POLISHED 20X10 8-165.1 -25MM 125.2MM (NEW DESIGN),0
9110-2183BMN,"MSRP, Total Onhand",CALI SUMMIT 9110 GLOSS BLACK/MILLED SPOKES 20X10 6-139.7 -25MM 106MM (NEW DESIGN),0
9110-2183PN,"MSRP, Total Onhand",CALI SUMMIT 9110 POLISHED 20X10 6-139.7 -25MM 106MM (NEW DESIGN),0
9110-22136BMN,"MSRP, Total Onhand",CALI SUMMIT 9110 GLOSS BLACK/MILLED SPOKES 22X10 6-135 0MM 87.1MM (NEW DESIGN),0
9110-22170BMN,"MSRP, Total Onhand",CALI SUMMIT 9110 GLOSS BLACK/MILLED SPOKES 22X10 8-170 0MM 125.2MM (NEW DESIGN),0
9110-22178BMN,"MSRP, Total Onhand",CALI SUMMIT 9110 GLOSS BLACK/MILLED SPOKES 22X10 8-180 0MM 124.1MM (NEW DESIGN),0
9110-22181BMN,"MSRP, Total Onhand",CALI SUMMIT 9110 GLOSS BLACK/MILLED SPOKES 22X10 8-165.1 0MM 125.2MM (NEW DESIGN),0
9110-22181PN,"MSRP, Total Onhand",CALI SUMMIT 9110 POLISHED 22X10 8-165.1 0MM 125.2MM (NEW DESIGN),0
9110-22183BMN,"MSRP, Total Onhand",CALI SUMMIT 9110 GLOSS BLACK/MILLED SPOKES 22X10 6-139.7 0MM 106MM (NEW DESIGN),0
9110-22183PN,"MSRP, Total Onhand",CALI SUMMIT 9110 POLISHED 22X10 6-139.7 0MM 106MM (NEW DESIGN),0
9110-22236PN,"MSRP, Total Onhand",CALI SUMMIT 9110 POLISHED 22X12 6-135 -51MM 87.1MM (NEW DESIGN),0
9110-22270BMN,"MSRP, Total Onhand",CALI SUMMIT 9110 GLOSS BLACK/MILLED SPOKES 22X12 8-170 -51MM 125.2MM (NEW DESIGN),0
9110-22270PN,"MSRP, Total Onhand",CALI SUMMIT 9110 POLISHED 22X12 8-170 -51MM 125.2MM (NEW DESIGN),0
9110-22278BMN,"MSRP, Total Onhand",CALI SUMMIT 9110 GLOSS BLACK/MILLED SPOKES 22X12 8-180 -51MM 124.1MM (NEW DESIGN),0
9110-22278PN,"MSRP, Total Onhand",CALI SUMMIT 9110 POLISHED 22X12 8-180 -51MM 124.1MM (NEW DESIGN),0
9110-22281BMN,"MSRP, Total Onhand",CALI SUMMIT 9110 GLOSS BLACK/MILLED SPOKES 22X12 8-165.1 -51MM 125.2MM (NEW DESIGN),0
9110-22281PN,"MSRP, Total Onhand",CALI SUMMIT 9110 POLISHED 22X12 8-165.1 -51MM 125.2MM (NEW DESIGN),0
9110-22283BMN,"MSRP, Total Onhand",CALI SUMMIT 9110 GLOSS BLACK/MILLED SPOKES 22X12 6-139.7 -51MM 106MM (NEW DESIGN),0
9110-22283PN,"MSRP, Total Onhand",CALI SUMMIT 9110 POLISHED 22X12 6-139.7 -51MM 106MM (NEW DESIGN),0
9110-2270BMN,"MSRP, Total Onhand",CALI SUMMIT 9110 GLOSS BLACK/MILLED SPOKES 20X12 8-170 -51MM 125.2MM (NEW DESIGN),0
9110-2270PN,"MSRP, Total Onhand",CALI SUMMIT 9110 POLISHED 20X12 8-170 -51MM 125.2MM (NEW DESIGN),0
9110-2278BMN,"MSRP, Total Onhand",CALI SUMMIT 9110 GLOSS BLACK/MILLED SPOKES 20X12 8-180 -51MM 124.1MM (NEW DESIGN),0
9110-2281BMN,"MSRP, Total Onhand",CALI SUMMIT 9110 GLOSS BLACK/MILLED SPOKES 20X12 8-165.1 -51MM 125.2MM (NEW DESIGN),0
9110-2281PN,"MSRP, Total Onhand",CALI SUMMIT 9110 POLISHED 20X12 8-165.1 -51MM 125.2MM (NEW DESIGN),0
9110-2283BMN,"MSRP, Total Onhand",CALI SUMMIT 9110 GLOSS BLACK/MILLED SPOKES 20X12 6-139.7 -51MM 106MM (NEW DESIGN),0
9110-2283PN,"MSRP, Total Onhand",CALI SUMMIT 9110 POLISHED 20X12 6-139.7 -51MM 106MM (NEW DESIGN),0
9110D-22877GBR192,Total Onhand,CALI SUMMIT DUALLY 9110D GLOSS BLACK 22X8.25 8-200 -192MM 142MM,0
9110D-22879GBF115,Total Onhand,CALI SUMMIT DUALLY 9110D GLOSS BLACK 22X8.25 8-210 115MM 154.2MM,0
9110D-22879GBR192,Total Onhand,CALI SUMMIT DUALLY 9110D GLOSS BLACK 22X8.25 8-210 -192MM 154.2MM,0
9110D-22879GBR232,Total Onhand,CALI SUMMIT DUALLY 9110D GLOSS BLACK 22X8.25 8-210 -232MM 154.2MM,0
9110D-2879GBF115,Total Onhand,CALI SUMMIT DUALLY 9110D GLOSS BLACK 20X8.25 8-210 115MM 154.2MM,0
9110D-2879GBR192,Total Onhand,CALI SUMMIT DUALLY 9110D GLOSS BLACK 20X8.25 8-210 -192MM 154.2MM,0
9110D-2879GBR232,Total Onhand,CALI SUMMIT DUALLY 9110D GLOSS BLACK 20X8.25 8-210 -232MM 154.2MM,0
9115D-22879BMR192,Total Onhand,CALI INVADER DUALLY 9115D GLOSS BLACK/MILLED SPOKES 22X8.25 8-210 -192MM 154.2MM,0
9115D-22879BMR232,Total Onhand,CALI INVADER DUALLY 9115D GLOSS BLACK/MILLED SPOKES 22X8.25 8-210 -232MM 154.2MM,0
9115D-22879CR232,Total Onhand,[E&O] CALI INVADER DUALLY 9115D CHROME 22X8.25 8-210 -232MM 154.2MM,0
9115D-24879BMR232,Total Onhand,CALI INVADER DUALLY 9115D GLOSS BLACK/MILLED SPOKES 24X8.25 8-210 -232MM 154.2MM,0
9116-26436C,Total Onhand,[E&O] CALI VERTEX 9116 CHROME 26X14 6-135 -76MM 87.1MM,0
9117-2173BM,Total Onhand,[E&O] CALI AUBURN 9117 BLACK / MILLED 20X10 5x127 -25MM 71.6MM,0
9117-2936BM,Total Onhand,[E&O] CALI AUBURN 9117 BLACK / MILLED 20X9 6x135 -12MM 87.1MM,0
9118-2170BM,"MSRP, Total Onhand",CALI CRUSHER 9118 BLACK MILLED 20X10 8-170 -19MM 125.2MM,0
9118-2170P,Total Onhand,CALI CRUSHER 9118 POLISHED 20X10 8-170 -19MM 125.2MM,0
9118-2178BM,"MSRP, Total Onhand",CALI CRUSHER 9118 BLACK MILLED 20X10 8-180 -19MM 124.1MM,0
9118-2178P,Total Onhand,CALI CRUSHER 9118 POLISHED 20X10 8-180 -19MM 124.1MM,0
9118-2181BM,Total Onhand,CALI CRUSHER 9118 BLACK MILLED 20X10 8-165.1 -19MM 125.2MM,0
9118-2181P,Total Onhand,CALI CRUSHER 9118 POLISHED 20X10 8-165.1 -19MM 125.2MM,0
9118-2183P,Total Onhand,CALI CRUSHER 9118 POLISHED 20X10 6-139.7 -19MM 106.1MM,0
9119-24236GB-25,"MSRP, Total Onhand",CALI EVOKE 9119 GLOSS BLACK 24X12 6-135 -25MM 87.1MM,0
9119-24270GB-25,"MSRP, Total Onhand",CALI EVOKE 9119 GLOSS BLACK 24X12 8-170 -25MM 125.2MM,0
9119-24278GB-25,"MSRP, Total Onhand",CALI EVOKE 9119 GLOSS BLACK 24X12 8-180 -25MM 124.1MM,0
9119-24281GB-25,"MSRP, Total Onhand",CALI EVOKE 9119 GLOSS BLACK 24X12 8-165.1 -25MM 125.2MM,0
9119-24283GB-25,"MSRP, Total Onhand",CALI EVOKE 9119 GLOSS BLACK 24X12 6-139.7 -25MM 106MM,0
9302-7999M14,Total Onhand,DIRTY LIFE ROADKILL RACE 9302 MACHINED BEADLOCK 17X9 BLANK -14MM 71.5MM BEADLOCK WHEELS ARE NOT DOT APPROVED,0
9304RASHRING-20MB,Total Onhand,DIRTY LIFE MATTE BLACK RASH RING FOR 9304 20,0
9305-6832MB0,Total Onhand,[E&O] DIRTY LIFE THEORY 9305 MATTE BLACK W/MATTE BLACK LIP 16X8 6-120 0MM 66.9MM,0
9305-6883MB0,Total Onhand,[E&O] DIRTY LIFE THEORY 9305 MATTE BLACK W/MATTE BLACK LIP 16X8 6-139.7 0MM 106MM,0
9309-7836M25,"MSRP, Total Onhand",DIRTY LIFE  CANYON PRO 9309 MACHINED WITH SILVER WINDOW 17X8.5 6-135 25MM 87.1MM,0
9309-7883M25,"MSRP, Total Onhand",DIRTY LIFE  CANYON PRO 9309 MACHINED WITH SILVER WINDOW 17X8.5 6-139.7 25MM 106MM,0
9309-7883MB25,"MSRP, Total Onhand",DL CANYON PRO 9309 SATIN BLACK 17X8.5 6-139.7 25MM 106MM,0
9309-7883MGT25,"MSRP, Total Onhand",DL CANYON PRO 9309 SATIN GRAPHITE BLACK RING 17X8.5 6-139.7 25MM 106MM,0
9309-7936M0,"MSRP, Total Onhand",DIRTY LIFE  CANYON PRO 9309 MACHINED WITH SILVER WINDOW 17X9 6-135 0MM 87.1MM,0
9309-7973M12,"MSRP, Total Onhand",DIRTY LIFE  CANYON PRO 9309 MACHINED WITH SILVER WINDOW 17X9 5-127 -12MM 71.5MM,0
9309-7983M0,"MSRP, Total Onhand",DIRTY LIFE  CANYON PRO 9309 MACHINED WITH SILVER WINDOW 17X9 6-139.7 0MM 106MM,0
9309-7983M12,"MSRP, Total Onhand",DIRTY LIFE  CANYON PRO 9309 MACHINED WITH SILVER WINDOW 17X9 6-139.7 -12MM 106MM,0
9309-8983M20,"MSRP, Total Onhand",DIRTY LIFE  CANYON PRO 9309 MACHINED WITH SILVER WINDOW 18X9 6-139.7 20MM 106MM,0
9309-8983MB20,"MSRP, Total Onhand",DL CANYON PRO 9309 SATIN BLACK 18X9 6-139.7 20MM 106MM,0
9309-8983MGT20,"MSRP, Total Onhand",DL CANYON PRO 9309 SATIN GRAPHITE BLACK RING 18X9 6-139.7 20MM 106MM,0
9309R-57102MB,Total Onhand,[E&O] DL CANYON PRO SXS 9309R MATTE BLACK 15X7 4-137 13MM 106.25MM,0
9309R-5765M38,Total Onhand,[E&O] DL CANYON PRO SXS 9309R MACHINED 15X7 5-114.3 38MM 77MM,0
9310-7883MB25,"MSRP, Total Onhand",DL CANYON 9310 SATIN BLACK 17X8.5 6-139.7 25MM 106MM,0
9310-7883MGT25,"MSRP, Total Onhand",DL CANYON 9310 SATIN GRAPHITE 17X8.5 6-139.7 25MM 106MM,0
9310-8983MB20,"MSRP, Total Onhand",DL CANYON 9310 SATIN BLACK 18X9 6-139.7 20MM 106MM,0
9310-8983MGT20,"MSRP, Total Onhand",DL CANYON 9310 SATIN GRAPHITE 18X9 6-139.7 20MM 106MM,0
9310S-47101M,Total Onhand,[E&O] DL CANYON SPORT SXS 9310S MACHINED 14X7 4-156 13MM 131.1MM,0
9310S-57101M,Total Onhand,[E&O] DL CANYON SPORT SXS 9310S MACHINED 15X7 4-156 13MM 131.1MM,0
9310S-57101MB,Total Onhand,[E&O] DL CANYON SPORT SXS 9310S MATTE BLACK 15X7 4-156 13MM 131.1MM,0
9310S-57102M,Total Onhand,[E&O] DL CANYON SPORT SXS 9310S MACHINED 15X7 4-137 13MM 106.25MM,0
9314-7965MB12,Total Onhand,[E&O] DL CANYON RACE 9314 MATTE BLACK 17X9 5-114.3 -12MM 72.5MM,0
9314-7973M12,Total Onhand,DL CANYON RACE 9314 MACHINED 17X9 5-127 -12MM 71.5MM,0
9314-7983MB12,Total Onhand,[E&O] DL CANYON RACE 9314 MATTE BLACK 17X9 6-139.7 -12MM 106MM,0
9314RACERING-20M,Total Onhand,DIRTY LIFE MACHINED RACE RING FOR 9314 20',0
9314RACERING-20MB,Total Onhand,DIRTY LIFE MATTE BLACK RACE RING FOR 9314 20',0
9315-2136DS,Total Onhand,[E&O] DL COMPOUND 9315 DESERT SAND 20X10 6-135 -25MM 87.1MM,0
9315-2183R,Total Onhand,[E&O] DL COMPOUND 9315 CRIMSON CANDY RED 20X10 6-139.7 -25MM 106MM,0
9315-2983DS12,Total Onhand,[E&O] DL COMPOUND 9315 DESERT SAND 20X9 6-139.7 -12MM 106MM,0
9315-7936MB12,Total Onhand,DL COMPOUND 9315 MATTE BLACK 17X9 6-135 -12MM 87.1MM,0
9315-7973R12,Total Onhand,[E&O] DL COMPOUND 9315 CRIMSON CANDY RED 17X9 5-127 -12MM 78.1MM,0
9315-7981MB38,Total Onhand,[E&O] DL COMPOUND 9315 MATTE BLACK 17X9 8X165.1 -38MM 125.2MM,0
9315-7983R38,Total Onhand,[E&O] DL COMPOUND 9315 CRIMSON CANDY RED 17X9 6-139.7 -38MM 106MM,0
9315-8973DS12,Total Onhand,[E&O] DL COMPOUND 9315 DESERT SAND 18X9 5-127 -12MM 78.1MM,0
9316-7883MZ,Total Onhand,[E&O] DL JOURNEY 9316 MATTE BRONZE 17X8.5 6-139.7 0MM 106MM,0
A141SP-MB,Total Onhand,CAP SPACER MATTE BLACK FOR STYLE 141 18' 8-170,0
A144SP-B,Total Onhand,CAP SPACER GLOSS BLACK FOR STYLE 144 8-170,0
A151SP-B,Total Onhand,SPACER FOR 151 8-170,0
A152SP-B,Total Onhand,CAP SPACER GLOSS BLACK FOR STYLE 152 8-170,0
A8040B,Total Onhand,BLACK ENTIRE CENTER SECTION FOR MAYHEM MULTIPLE CAP,0
A8102SP-C,Total Onhand,[E&O] CAP SPACER CHROME FOR STYLE 8102 8-180,0
A8116SP-B,Total Onhand,CAP SPACER GLOSS BLACK FOR STYLE 8116 8-170,0
A8116SP-MZ,Total Onhand,CAP SPACER MATTE BRONZE FOR STYLE 8116 8-170,0
A8117SP-B,Total Onhand,CAP SPACER GLOSS BLACK FOR STYLE 8117 8-170,0
A8117SP-MB,Total Onhand,CAP SPACER MATTE BLACK FOR STYLE 8117 8-170,0
A8808SP-MB,Total Onhand,CAP SPACER MATTE BLACK FOR STYLE 8808 8-LUG,0
A9100MB-CALIOFFROAD,Total Onhand,[E&O] MATTE BLACK ENTIRE CENTER SECTION CALIOFFROAD FOR 9100/9101/9102/9103/9104 CAP,0
A9305MB02,Total Onhand,CENTER SECTION FOR C109305MB02/04/05,0
A9305MB03,Total Onhand,CENTER SECTION FOR C109305MB06,0
AAT1903SP-B,Total Onhand,CAP SPACER GLOSS BLACK FOR STYLE AT1903 8-170,0
AAT1903SP-C,Total Onhand,CAP SPACER CHROME FOR STYLE AT1903 8-170,0
B-MX002A,MSRP,[E&O] BAD MAX TPMS sensor ALL-in-ONE (315-433MHZ) ALUMINUM,67
B-MX002R,MSRP,[E&O] BAD MAX TPMS sensor ALL-in-ONE (315-433MHZ) RUBBER,60
B-MXSA001,MSRP,[E&O] BAD MAX SELECT TPMS sensor ALL-in-ONE (315-433MHZ) ALUMINUM,7
B-MXSR001,MSRP,[E&O] BAD MAX SELECT TPMS sensor ALL-in-ONE (315-433MHZ) RUBBER,13
B/ABUMPERSENSOR,Total Onhand,PlASTIC SENSOR FOR DG2964/GM19336/GM19341/NS19335/FD2967/DG19343/DG-2966/GM19344/JT2965/GM-19340/GM-2963/GM-2966,0
B/ADGSENSORKIT,Total Onhand,SENSOR RETAINING CAP AND FOAM SPACER/SEAL (SET) FITS DG-19338/ DG-20339,0
B/ASRAWNCONNECTORS,Total Onhand,ALUMUNIUM CONNECTORS FOR AWNING,0
B/ASRAWNCOVER,Total Onhand,AWNING COVER,0
B/ASRBRIDGEPOLE1.9M,Total Onhand,1.9M BRIDGE POLES (ONE POLE),0
B/ASRLADDER,Total Onhand,LADDER WITH LADDER BRACKET,0
B/ASRLITTLEPLATE1.2M,Total Onhand,1.2M LITTLE PLATES (12PCS),0
B/ASRLITTLEPLATE1.9M,Total Onhand,1.9M LITTLE PLATES (16PCS),0
B/ASRTENTBED,Total Onhand,BED BASE ( ONE SET),0
B/ASRTENTCONNECTORS,Total Onhand,PLASTIC CONNECTORS FOR TENT,0
B/ASRTENTCOVER,Total Onhand,TENT COVER,0
B/ASRTENTHINGE,Total Onhand,HINGE,0
B/ASRVELCROSTRAP1.2M,Total Onhand,1.2M VELCO STRAPS FOR TENT (4PCS),0
B/ASRVELCROSTRAP1.9M,Total Onhand,1.9M VELCRO STRAPS FOR TENT(4PCS),0
BA-4500-CONTROLLER,Total Onhand,CONTROLLER MODULE FOR ALL E- STEPS,0
BA-4500-HARNESS-GM00,Total Onhand,REPLACEMENT WIRING HARNESS FOR CHEVY 1500/2500/3500 07-18,0
BA-4500-MAG,Total Onhand,MAGNET SET FOR ALL E-STEP MODELS (INCLUDES DOOR SENSORS AND SMALL MAGNETS),0
BOLT-M5-10,Total Onhand,M5x10,0
BOLT-M5-10BLK,Total Onhand,M5x10 BLACK,0
BOLT-M5-20,Total Onhand,M5x20,0
BOLT-M6-12,Total Onhand,M6x12,0
BOLT-M6-15,Total Onhand,M6x15,0
BOLT-M6-15BLK,Total Onhand,M6x15 BLACK,0
BOLT-M6-20,Total Onhand,M6x20,0
BOLT-M6-20BLK,Total Onhand,M6x20 BLACK,0
BOLT-M6-25,Total Onhand,M6x25,0
BOLT-M6-25BLK,Total Onhand,M6x25 BLACK,0
BOLT-M6-35,Total Onhand,M6x35,0
BOLT-M6-35BLK,Total Onhand,M6x35 BLACK,0
BOLT-M6-40,Total Onhand,M6x40,0
BOLT-M6-40BLK,Total Onhand,M6x40 BLACK,0
BOLT-M6-8,Total Onhand,M6x8,0
BOLT-M8-10,Total Onhand,M8x10,0
BOLT-M8-15,Total Onhand,M8x15,0
BOLT-M8-15BLK,Total Onhand,M8x15 BLACK,0
BOLT-M8-20,Total Onhand,M8X20,0
BOLT-M8-25,Total Onhand,M8x25,0
BOLT-M8-25BLK,Total Onhand,M8x25 BLACK,0
BOLT-M8-45BLK,Total Onhand,M8x45 BLACK,0
C1008C,Total Onhand,CAP - PLASTIC CHROME CAP FOR 08,0
C1008S,Total Onhand,CAP - ALUMINUM MACHINED CAP FOR 08,0
C10103MB01,Total Onhand,[E&O] CAP - PLASTIC SATIN BLACK CAP FOR 103 16',0
C1012612295F-2,Total Onhand,CAP - PLASTIC CHROME CAP FOR KR142,0
C1012732285F-1,Total Onhand,CAP - PLASTIC CHROME CAP FOR KR181,0
C10135,Total Onhand,[E&O] CAP - PLASTIC CHROME CAP FOR 135,0
C101414GB,Total Onhand,[E&O] CAP - PLASTIC BLACK CAP FOR ATF1903,0
C10141B-W,"MSRP, Total Onhand",CAP - PLASTIC BLACK CAP FOR 141 WALDOC,0
C10143BR01,Total Onhand,CAP - PLASTIC GLOSS BLACK/RED CAP FOR 143 5-127,0
C10143BR02,Total Onhand,CAP - PLASTIC GLOSS BLACK/RED CAP FOR 143 5-139.7/5-150,0
C10146B02,Total Onhand,CAP - PLASTIC BLACK CAP FOR 143 146 5-150,0
C10146B03,Total Onhand,CAP - PLASTIC BLACK CAP FOR 143 146 6-135,0
C10146B04,Total Onhand,CAP - PLASTIC BLACK CAP FOR 143 146 6-139.7,0
C10146MB03,Total Onhand,CAP - PLASTIC MATTE BLACK CAP FOR 143 146 6-135,0
C10146MB04,Total Onhand,CAP - PLASTIC MATTE BLACK CAP FOR 143  146 6-139.7,0
C10146MB05,Total Onhand,CAP - PLASTIC MATTE BLACK CAP FOR 143 146 8-165.1/8-170/8-180,0
C10147B01,Total Onhand,CAP - PLASTIC BLACK CAP FOR 147 5-127,0
C10147B03,Total Onhand,CAP - PLASTIC BLACK CAP FOR 147 6-135,0
C10149B05,Total Onhand,CAP - PLASTIC BLACK CAP FOR 149 8-165.1/8-170/8-180,0
C10149MB03,Total Onhand,CAP - PLASTIC MATTE BLACK CAP FOR 149 6-135,0
C10149MB05,Total Onhand,CAP - PLASTIC MATTE BLACK CAP FOR 149 8-165.1/8-170/8-180,0
C1016601MB,"MSRP, Total Onhand",PLASTIC MATTE BLACK PUSH-THRU CAP FOR CB130.18MM FRONT,0
C1016602B,Total Onhand,[E&O] PLASTIC PUSH-THRU CAP  FOR CB130.18mm  REAR BLACK,0
C1016602MB,"MSRP, Total Onhand",PLASTIC MATTE BLACK PUSH-THRU CAP FOR CB130.18MM REAR,0
C101710MBF,Total Onhand,CAP - MATT BLACK BOLT-ON CAP FOR 179-7881MBF(C101714MB),0
C101711,Total Onhand,CAP - BOLT-ON CAP FOR 171/174/179 6-135/139.7,0
C101711MB,Total Onhand,CAP - MATT BLACK BOLT-ON CAP FOR 171/174/179 6-135/139.7,0
C101711MBF,Total Onhand,CAP - MATT BLACK BOLT-ON CAP FOR 179-7883MBF(C101711MB),0
C101712MB,Total Onhand,CAP - MATT BLACK POP-IN CAP FOR 171/174/179,0
C101712MBF,Total Onhand,CAP - MATT BLACK POP-IN CAP FOR 179-7836MBF(C101711MB),0
C101713-0,Total Onhand,CAP - PLASTIC CHROME OPEN EDNED CAP FOR 5-139.7,0
C101713MBF,Total Onhand,CAP - MATT BLACK BOLT-ON CAP FOR 179-7885MBF(C101713MB),0
C101714MB,Total Onhand,CAP - MATTE BLACK CAP FOR 171/174/179 8-165.1,0
C1017313MB,Total Onhand,CAP - MATTE BLACK BOLT-ON CAP FOR 171/174 5-139.7,0
C10179C0,Total Onhand,CAP - BOLT-ON CAP FOR 179 8-170 LONG,0
C10179C1,Total Onhand,CAP - BOLT-ON CAP FOR 179 6-135/139.7,0
C10179C2,Total Onhand,CAP - POP-IN  CAP FOR 179,0
C10179C3,Total Onhand,CAP - BOLT-ON CAP FOR 179 5-139.7,0
C10179C4,Total Onhand,CAP - BOLT-ON CAP FOR 179 8-165.1 SHORT,0
C10179MB0,Total Onhand,CAP - MATTE BLACK BOLT-ON CAP FOR 179 8-170 LONG,0
C10179MB2,Total Onhand,CAP - MATTE BLACK POP-IN  CAP FOR 179,0
C10179MB3,Total Onhand,CAP - MATTE BLACK BOLT-ON CAP FOR 179 5-139.7,0
C10181MB,Total Onhand,CAP - PLASTIC MATTE BLACK CAP FOR 181,0
C10184C,Total Onhand,CAP - PLASTIC CHROME CAP FOR 184,0
C10184MB,Total Onhand,CAP - PLASTIC MATTE BLACK CAP FOR 184,0
C10184MB-RR,Total Onhand,CAP - PLASTIC MATTE BLACK CAP FOR 184 ROCKY RIDGE,0
C10189C,Total Onhand,[E&O] CAP - PLASTIC CHROME CAP FOR 189,0
C10189MB,Total Onhand,[E&O] CAP - PLASTIC MATTE BLACK CAP FOR 189,0
C1024801B,Total Onhand,[E&O] CAP - ALUMINUM BLACK CAP FOR 248-15',0
C1031901MB,Total Onhand,CAP - PLASTIC MATTE BLACK CAP FOR 3190 16'&17',0
C1031902C,Total Onhand,CAP - PLASTIC CHROME CAP FOR 3190-18/20,0
C1031903C,Total Onhand,[E&O] CAP - PLASTIC CHROME CAP FOR 3190 19'&22',0
C1031903MB,Total Onhand,[E&O] CAP - PLASTIC MATTE BLACK CAP FOR 3190 19'&22',0
C103208B,"MSRP, Total Onhand",CAP - PLASTIC BLACK CAP FOR 3208,0
C103208S,"MSRP, Total Onhand",CAP - PLASTIC SILVER CAP FOR 3208,0
C103222B,Total Onhand,CAP - PLASTIC BLACK CAP FOR 3222,0
C103222S,Total Onhand,CAP - PLASTIC SUPERSILVER CAP FOR 3222,0
C1032601S,Total Onhand,CAP - PLASTIC SILVER CAP FOR 3260 16'/17',0
C1032602MB,Total Onhand,CAP - PLASTIC MATTE BLACK CAP FOR 3260 18'/20',0
C1032602R,Total Onhand,CAP - PLASTIC RED RING CAP FOR 3260 18'/20',0
C1032603R,Total Onhand,CAP - PLASTIC RED RING CAP FOR 3260-19',0
C103266GB,Total Onhand,CAP - PLASTIC GLOSS BRONZE CAP FOR 3266,0
C103270B02,Total Onhand,CAP - PLASTIC CAP FOR 3270 5-112 BLACK,0
C103270B04,Total Onhand,CAP - PLASTIC CAP FOR 3270 5-100 BLACK,0
C103270C01,Total Onhand,CAP - PLASTIC CAP FOR 3270 5-114.3/115/110 SILVER,0
C103270C03,Total Onhand,CAP - PLASTIC CAP FOR 3270 5-120 SILVER,0
C103270C04,Total Onhand,CAP - PLASTIC CAP FOR 3270 5-100 SILVER,0
C103274MGD01,Total Onhand,CAP - PLASTIC MATTE GOLD CAP FOR 3274,0
C103276CH01,Total Onhand,CAP - PLASTIC CHROME CAP FOR 3276 CHROME WHEEL 5-108/5-114.3,0
C103276CH04,Total Onhand,CAP - PLASTIC CHROME CAP FOR 3276 CHROME WHEEL 5-100,0
C103279B06,Total Onhand,CAP - PLASTIC GLOSS BLACK CAP FOR  VW 3279 5-112,0
C103279C06,Total Onhand,[E&O] CAP - PLASTIC CHROME CAP FOR 3279 5-112 57.1MM,0
C103279MB05,Total Onhand,CAP - PLASTIC MATTE BLACK CAP FOR 3279 6-135/6-139.7,0
C103279MG01,Total Onhand,CAP - PLASTIC MATTE GUNMETAL CAP FOR 3279 5-114.3/5-127/5-108,0
C103280B,"MSRP, Total Onhand",CAP - PLASTIC GLOSS BLACK CAP FOR 3280,0
C103280S,"MSRP, Total Onhand",CAP - PLASTIC SILVER CAP FOR 3280,0
C103281B,"MSRP, Total Onhand",CAP - PLASTIC BLACK CAP FOR 3281,0
C103281S,"MSRP, Total Onhand",CAP - PLASTIC SILVER CAP FOR 3281,0
C103291B03,Total Onhand,CAP - PLASTIC GLOSS BLACK CAP FOR 3291 5-120,0
C103291MB03,Total Onhand,CAP - PLASTIC MATTE BLACK CAP FOR 3291 5-120,0
C103292B01,Total Onhand,CAP - PLASTIC BLACK CAP FOR 3292 5-108/5-114.3,0
C103292B02,Total Onhand,CAP - PLASTIC BLACK CAP FOR 3292 5-112,0
C103292B03,Total Onhand,CAP - PLASTIC BLACK CAP FOR 3292 5-120,0
C103292MGD01,Total Onhand,CAP - PLASTIC MATTE GOLD CAP FOR 3292 5-108/5-114.3,0
C103292MGD02,Total Onhand,CAP - PLASTIC MATTE GOLD CAP FOR 3292 5-112,0
C103292MGD03,Total Onhand,CAP - PLASTIC MATTE GOLD CAP FOR 3292 5-120,0
C103293GT03,Total Onhand,CAP - PLASTIC GRAPHITE CAP FOR 3293 5-120,0
C103294GB01,Total Onhand,CAP - PLASTIC GLOSS BLACK CAP FOR 3294 5-108/5-114.3/5-115,0
C103294GB02,Total Onhand,CAP - PLASTIC GLOSS BLACK CAP FOR 3294 5-112,0
C103294MZ01,Total Onhand,CAP - PLASTIC BRONEZE CAP FOR 3294 5-108/5-114.3/5-115,0
C103294MZ02,Total Onhand,CAP - PLASTIC BRONZE CAP FOR 3294 5-112,0
C103294MZ03,Total Onhand,CAP - PLASTIC BRONZE CAP FOR 3294 5-120,0
C103294MZ04,Total Onhand,CAP - PLASTIC BRONZE CAP FOR 3294 5-100,0
C103294TG03,Total Onhand,CAP - PLASTIC GRAPHITE CAP FOR 3294 5-120,0
C103294TG04,Total Onhand,CAP - PLASTIC GRAPHITE CAP FOR 3294 5-100,0
C10341B01,Total Onhand,CAP - PLASTIC BLACK CAP FOR 341 18'/20',0
C103501S01,Total Onhand,CAP - ALUMINUM SILVER CAP FOR 3501 5-108/5-114.3,0
C103502GT01,Total Onhand,[E&O] CAP - ALUMINUM GRAPHITE CAP FOR 3502 5-108/5-114.3,0
C103503GT02,Total Onhand,CAP - ALUMINUM GRAPHITE CAP FOR 3503 5-112,0
C103507B,Total Onhand,CAP - PLASTIC GLOSS BLACK CAP FOR 3507,0
C10364B01,Total Onhand,CAP - ALUMINUM BLACK CAP FOR 364-20',0
C10368B,Total Onhand,[E&O] CAP - PLASTIC BLACK CAP FOR 368,0
C10369MB,Total Onhand,CAP - PLASTIC MATTE BLACK CAP FOR 369,0
C10371C04,Total Onhand,CAP - PLASTIC CHROME CAP FOR 371-18',0
C10373TM03,Total Onhand,CAP - ALUMINUM MATTE BLACK CAP FOR 373 5-115&5-120,0
C10376MB01,Total Onhand,CAP - PLASTIC MATTE BLACK CAP FOR 376 18/20/22X8.5,0
C10376MB02,Total Onhand,CAP - PLASTIC MATTE BLACK CAP FOR 376 22X9.5,0
C10378B02,Total Onhand,CAP - PLASTIC BLACK CAP FOR 378 5-112,0
C10378B03,Total Onhand,CAP - PLASTIC BLACK CAP FOR 378 5-120,0
C10389B,Total Onhand,CAP - PLASTIC GLOSS BLACK CAP FOR 389,0
C10605-3BAR,Total Onhand,3 BAR KNOCK-FF SPINNER CAP,0
C10608C,Total Onhand,CAP - PLASTIC CHROME CAP FOR 608,0
C10609MB,Total Onhand,CAP - PLASTIC MATTE BLACK CAP FOR 609,0
C10611C,MSRP,CAP - PLASTIC CHROME CAP FOR 661& 681,200
C10645C02,Total Onhand,PLASTIC CHROME POP-IN CAP  FOR 645-18'&20',0
C10675S,Total Onhand,CAP - PLASTIC SILVER CAP FOR 675 (NO USE),0
C10695J,Total Onhand,PLASTIC POP-IN CAP JEGS,0
C108010C01-N,Total Onhand,SHORT CAP - PLASTIC CHROME CAP FOR 8010&8030&8040&8070&8015 - NEW LOGO,0
C108010MB01,Total Onhand,[E&O] SHORT CAP - PLASTIC MATTE BLACK CAP FOR 8010&8030&8090&8015,0
C108015B-L,Total Onhand,[E&O] LONG CAP - BLACK/MILLED LONG CAP FOR 8015 -17x7.5,0
C108015B-LN,Total Onhand,LONG CAP - BLACK/MILLED LONG CAP FOR 8015 -17x7.5 - NEW LOGO,0
C108015MB-LN,Total Onhand,LONG CAP - PLASTIC MATTE BLACK LONG CAP FOR 8015 -17x7.5 - NEW LOGO,0
C108100C,Total Onhand,[E&O] CAP - PLASTIC CHROME CAP FOR 8100,0
C108101B02-F,Total Onhand,[E&O] CAP - PLASTIC BLACK CAP FOR 8101 FRONT 8-200 & 8-210,0
C108101C01-F,Total Onhand,[E&O] CAP - PLASTIC CHROME CAP FOR 8101 FRONT 8-165.1 & 8-17,0
C108101C02-R,Total Onhand,[E&O] CAP - PLASTIC CHROME CAP FOR 8101 REAR 8-200 & 8-210,0
C108103B-N,Total Onhand,CAP - PLASTIC BLACK CAP FOR 8103 - NEW LOGO,0
C108103C-N,Total Onhand,CAP - PLASTIC CHROME CAP FOR 8103 - NEW LOGO,0
C108105B,Total Onhand,[E&O] CAP - PLASTIC BLACK CAP FOR 8105,0
C108105B-N,Total Onhand,CAP - PLASTIC BLACK CAP FOR 8105 - NEW LOGO,0
C108105C-N,Total Onhand,CAP - PLASTIC CHROME CAP FOR 8105 - NEW LOGO,0
C108107B-SH,"MSRP, Total Onhand",CAP - PLASTIC BLACK CAP FOR 8107 - SHERROD,0
C108107C02R,Total Onhand,CAP - PLASTIC CHROME CAP FOR 8107D REAR 8-200/8-210,0
C108107MB-SH,"MSRP, Total Onhand",CAP - PLASTIC MATTE BLACK CAP FOR 8107 - SHERROD,0
C108108B,Total Onhand,CAP - PLASTIC BLACK CAP FOR 8108,0
C108110B02,Total Onhand,CAP - PLASTIC BLACK CAP FOR 8110 BLACK W/MILLED SPOKES 6-135/6-139.7,0
C108111B03,Total Onhand,CAP - PLASTIC BLACK CAP FOR 8111 8-170,0
C108114B02,Total Onhand,CAP - PLASTIC BLACK CAP FOR 8114 5-139.7,0
C108114B03,Total Onhand,CAP - PLASTIC BLACK CAP FOR 8114 5-150,0
C108114B08,Total Onhand,CAP - PLASTIC BLACK CAP FOR 8114 8-180,0
C108116B02,Total Onhand,CAP - PLASTIC BLACK CAP FOR 8116 8 LUG,0
C108118B01,Total Onhand,CAP - PLASTIC BLACK CAP FOR 8118 5 LUG/6 LUG,0
C108119B01,Total Onhand,CAP - PLASTIC BLACK CAP FOR 8119 6 LUG,0
C108119B01-SH,"MSRP, Total Onhand",CAP - PLASTIC MATTE BLACK CAP FOR 8119 - SHERROD,0
C108120B,"MSRP, Total Onhand",CAP - PLASTIC BLACK CAP FOR 8120,0
C108300MB04,Total Onhand,CAP - PLASTIC MATTE BLACK CAP FOR 8300 5-150,0
C108300MB05,Total Onhand,CAP - PLASTIC MATTE BLACK CAP FOR 8300 8-HOLE,0
C108302MB04,Total Onhand,CAP - PLASTIC BLACK CAP FOR 8302 8-165.1,0
C108303B01,"MSRP, Total Onhand",CAP - PLASTIC BLACK CAP FOR 8121 6-120,0
C108303B02,"MSRP, Total Onhand",CAP - PLASTIC BLACK CAP FOR 8121 6-135/6-139.7,0
C108303B03,"MSRP, Total Onhand",CAP - PLASTIC BLACK CAP FOR 8310 6-135/6-139.7,0
C108303B04,"MSRP, Total Onhand",CAP - PLASTIC BLACK CAP FOR 8121/8310 8-170£¨HIGH£©,0
C108303B05,"MSRP, Total Onhand",CAP - PLASTIC BLACK CAP FOR 8121/8310 8-165.1,0
C108303B08,"MSRP, Total Onhand",CAP - PLASTIC BLACK CAP FOR 8121/8310(17') 8-180,0
C108303MB03,Total Onhand,CAP - PLASTIC MATTE BLACK CAP FOR 8303/8304/8305/8310 5-150/6-135/6-139.7,0
C108303MB07,Total Onhand,CAP - PLASTIC MATTE BLACK CAP FOR 8303 5-100,0
C108303MB08,"MSRP, Total Onhand",CAP - PLASTIC MATTE BLACK CAP FOR 8310 17' 8-180,0
C108304MB03,Total Onhand,CAP - PLASTIC MATTE BLACK CAP FOR 8303/8304/8305 5-139.7/5-150/6-135/6-139.7,0
C108304MB05,Total Onhand,CAP - PLASTIC MATTE BLACK CAP FOR 8303/8304/8305 8-165.1/8-180,0
C108304MB06,Total Onhand,CAP - PLASTIC MATTE BLACK CAP FOR 8304 8-170 SHORT,0
C108305MB05,Total Onhand,CAP - PLASTIC MATTE BLACK CAP FOR 8303/8304/8305 8-165.1/8-180,0
C10830603MB,"MSRP, Total Onhand",CAP - PLASTIC  SATIN BLACK CAP FOR 8306 8-165.1,0
C10830604MB,"MSRP, Total Onhand",CAP - PLASTIC  SATIN BLACK CAP FOR 8306 8-170/8-180,0
C108808MB,Total Onhand,CAP - PLASTIC MATTE BLACK CAP FOR 8808,0
C109105MB01-F,Total Onhand,[E&O] CAP - PLASTIC SATIN BLACK CAP FOR 9105 FRONT 8-6.5/170,0
C109108B02,Total Onhand,CAP - PLASTIC BLACK CAP FOR 9108 5-139.7/6-135/6-139.7,0
C109108B04,Total Onhand,CAP - PLASTIC BLACK CAP FOR 9108 8-170 TALL,0
C109108B05,Total Onhand,CAP - PLASTIC BLACK CAP FOR 9108 8-165.1/8-180,0
C109108C04,Total Onhand,CAP - PLASTIC CHROME CAP FOR 9108 8-170 TALL,0
C109108C05,Total Onhand,CAP - PLASTIC CHROME CAP FOR 9108 8-165.1/8-180,0
C109109G02,Total Onhand,CAP - PLASTIC GRAPHITE CAP FOR 9109 5-139.7/6-135/6-139.7,0
C109109G05,Total Onhand,CAP - PLASTIC GRAPHITE CAP FOR 9109 8-165.1/8-180,0
C109109MB01,Total Onhand,CAP - PLASTIC MATTE BLACK CAP FOR 9109 5-127,0
C109109MB06,Total Onhand,CAP - PLASTIC MATTE BLACK CAP FOR 9109 8-170 SHORT,0
C109110B02,Total Onhand,CAP - PLASTIC BLACK CAP FOR 9110 6-135/6-139.7,0
C109110B04,Total Onhand,CAP - PLASTIC BLACK CAP FOR 9110/9111/9112/9113/9114/9115 8-170 TALL,0
C109110B05,Total Onhand,CAP - PLASTIC BLACK CAP FOR 9110 8-165.1/8-180,0
C109110C06,Total Onhand,CAP - PLASTIC CHROME CAP FOR 9110 8-170 SHORT,0
C109112B02,Total Onhand,CAP - PLASTIC BLACK CAP FOR 9112 6-135/6-139.7,0
C109113B05,Total Onhand,CAP - PLASTIC BLACK CAP FOR 9113 8-165.1,0
C109113C02,Total Onhand,CAP - PLASTIC CHROME CAP FOR 9113 6-135/6-139.7,0
C109115C01,Total Onhand,CAP - PLASTIC CHROME CAP FOR 9115 5-127/6-120,0
C109115C02-F,Total Onhand,CAP - PLASTIC CHROME CAP FOR 9115 8-200/8-210 FRONT,0
C109115C03,Total Onhand,CAP - PLASTIC CHROME CAP FOR 9115 5-150,0
C109115C06,Total Onhand,CAP - PLASTIC CHROME CAP FOR 9115 8-170,0
C109116C01,Total Onhand,[E&O] CAP - PLASTIC CHROME CAP FOR 9116 5-127,0
C109117C05,Total Onhand,[E&O] CAP - PLASTIC CHROME CAP FOR 9117 8-165.1/8-180,0
C109300MB06-DL,Total Onhand,[E&O] CAP - PLASTIC MATTE BLACK CAP FOR 9300 6-135,0
C109301MB03,Total Onhand,[E&O] CAP - PLASTIC MATTE BLACK CAP FOR 9301 5-114.3/127,0
C109301MB07,Total Onhand,[E&O] CAP - PLASTIC MATTE BLACK CAP FOR 9301 6-139.7,0
C109305C01,Total Onhand,CAP - PLASTIC CHROME CAP FOR 9305 5-114.3,0
C109305C05,Total Onhand,CAP - PLASTIC CHROME CAP FOR 9305 6-139.7,0
C109305MB03,Total Onhand,CAP - PLASTIC MATTE BLACK CAP FOR 9305 6-120,0
C109306C01,Total Onhand,CAP - PLASTIC CHROME CAP FOR 9306 5-114.3,0
C109309MB02,Total Onhand,CAP - PLASTIC MATTE BLACK CAP FOR 9309 5-139.7,0
C109309MB04,Total Onhand,CAP - PLASTIC MATTE BLACK CAP FOR 9309 6-135,0
C109309MB05,Total Onhand,CAP - PLASTIC MATTE BLACK CAP FOR 9309 6-139.7,0
C109309MB07,Total Onhand,CAP - PLASTIC MATTE BLACK CAP FOR 9309 5-127,0
C109309MB09,Total Onhand,CAP - PLASTIC MATTE BLACK CAP FOR 9309 5-150,0
C109310MB02,Total Onhand,CAP - PLASTIC MATTE BLACK CAP FOR 9310 5-139.7,0
C109310MB04,Total Onhand,CAP - PLASTIC MATTE BLACK CAP FOR 9310 6-135,0
C109310MB09,Total Onhand,CAP - PLASTIC MATTE BLACK CAP FOR 9310 5-150,0
C109311MB02,Total Onhand,CAP - PLASTIC MATTE BLACK CAP FOR 9311 5-139.7,0
C109311MB04,Total Onhand,CAP - PLASTIC MATTE BLACK CAP FOR 9311 6-135,0
C109311MB05,Total Onhand,CAP - PLASTIC MATTE BLACK CAP FOR 9311 6-139.7,0
C109313C04,Total Onhand,CAP - PLASTIC CHROME CAP FOR 9313 6-135,0
C109315MB03,Total Onhand,CAP - PLASTIC MATTE BLACK CAP FOR 9315 8-165.1/8-180,0
C109315MB04,Total Onhand,CAP - PLASTIC MATTE BLACK CAP FOR 9315 8-170,0
C109316MB01,Total Onhand,CAP - PLASTIC MATTE BLACK CAP FOR 9316,0
C10AT1914B01,Total Onhand,CAP - PLASTIC BLACK CAP FOR AT1914 5-127,0
C10AT1914B05,Total Onhand,CAP - PLASTIC BLACK CAP FOR AT1914 8-165.1/8-170/8-180,0
C10AT1914C05,Total Onhand,CAP - PLASTIC CHROME CAP FOR AT1914 8-165.1/8-170/8-180,0
C10AT1916B04,Total Onhand,CAP - PLASTIC BLACK CAP FOR AT1916?5-139.7/5-150,0
C10AT1919B01,Total Onhand,CAP - PLASTIC BLACK CAP FOR AT1919 5-127,0
C10AT1919B03,Total Onhand,CAP - PLASTIC BLACK CAP FOR AT1919 6-139.7,0
C10AT1919B04,Total Onhand,CAP - PLASTIC BLACK CAP FOR AT1919 5-139.7/5-150,0
C10AT1919R02,Total Onhand,CAP - PLASTIC BLACK CAP WITH RED LOGO FOR AT1919 6-135,0
C10AT1919R03,Total Onhand,CAP - PLASTIC BLACK CAP WITH RED LOGO FOR AT1919 6-139.7,0
C10C1414CHR,Total Onhand,CAP - PLASTIC CHROME CAP FOR ATF1903,0
C10KR185C01,Total Onhand,CAP - PLASTIC CHROME CAP FOR KR185 17'/18',0
C10KR185C03,Total Onhand,CAP - PLASTIC CHROME CAP FOR KR185 22',0
C10KR193B03,Total Onhand,CAP - PLASTIC BLACK CAP FOR KR193 5-120,0
C10KR195MB01,Total Onhand,CAP - PLASTIC MATTE BLACK CAP FOR KR195?5-108/5-114.3/5-115,0
C10KR195MB02,Total Onhand,CAP - PLASTIC MATTE BLACK CAP FOR KR195?5-112,0
C10KR195MB03,Total Onhand,CAP - PLASTIC MATTE BLACK CAP FOR KR195 5-120,0
C10KR197B,"MSRP, Total Onhand",CAP - PLASTIC BLACK CAP FOR KR197,0
C1330,Total Onhand,CAP - PLASTIC CAP FOR 133 5-135,0
C1332,Total Onhand,CAP -CAP FOR 133 4.25',0
C7101,Total Onhand,[E&O] WHEEL SPACERS  4 - HOLE 8mm,0
C7104,Total Onhand,[E&O] ALUM WHEEL SPACER  8 - HOLE 6mm,0
CAP33-1B,Total Onhand,CAP FOR STYLE 136 PUSH THROUGH CLOSE 3.3 DIAMETER(NEW) (BLACK),0
CAP425,Total Onhand,CAP FOR STYLE 136 PUSH THROUGH OPEN END 4.25 DIAMETER,0
CAP425-1B,Total Onhand,CAP FOR STYLE 136 PUSH THROUGH CLOSED 4.25 DIAMETER (BLACK),0
CO218S,Total Onhand,[E&O] PUSH-THRU  5.150 SHORT OPEN-END S/S,0
DG-19344,Total Onhand,2010-2018 DODGE RAM 2500/3500HD AMBUSH FRONT BUMPER (NON-WINCH),0
DG-4200-HDW,Total Onhand,HARDWARE PACK CONTAINING ALL HARDWARE AND BRACKETS FOR A FULL SET OF STEPS,0
DL-HDWR01K28,Total Onhand,HARDWARE FOR 9303/9304-20' FORGED RING,0
DL-HDWR02K20,Total Onhand,HARDWARE FOR 9302-14'/15' FORGED RING,0
DSF6124-HARDWARE,Total Onhand,HARDWARE KIT FOR DSF-6124,0
FB-4500-DVR,Total Onhand,A REPLACEMENT SET DRIVER SIDE FRONT AND REAR LINKAGE WITH MOTORS INSTALLED FOR FB-4500,0
FB-4500-HDW,Total Onhand,FB-4500  REPLACEMENT HARDWARE KIT (NO WIRING/CONTROLLER/LEDLIGHT),0
FB-4500-PASS,Total Onhand,A REPLACEMENT SET PASSENGER SIDE FRONT AND REAR LINKAGE WITH MOTORS INSTALLED FOR FB-4500,0
FB-4501-DVR,Total Onhand,A REPLACEMENT SET DRIVER SIDE FRONT AND REAR LINKAGE WITH MOTORS INSTALLED FOR FB-4501,0
FB-4501-PASS,Total Onhand,A REPLACEMENT SET PASSENGER SIDE FRONT AND REAR LINKAGE WITH MOTORS INSTALLED FOR FB-4501,0
FD-19335,Total Onhand,2011-2016 SUPERDUTY PRO SERIES FRONT BUMPER WINCH,0
FD-19337,Total Onhand,2009-2014 FORD F-150 ECO SERIES FRONT BUMPER,0
FD-19340,Total Onhand,[E&O] [DISCO] 2015-2017 F150 DESERT SERIES FRONT BUMPER,0
FD-19343,Total Onhand,2017-2021 FORD F250/350 SUPER DUTY AMBUSH FRONT BUMPER (NON-WINCH),0
FD-19344,Total Onhand,2021-2023 FORD F150 AMBUSH FRONT BUMPER (NON-WINCH),0
FD-20342,Total Onhand,2023-2024 FORD F250/F350 SUPER DUTY AMBUSH XT FRONT BUMPER (NON-WINCH),0
FD-21338,Total Onhand,2011-2016 FORD F-250/F-350 SUPER DUTY AMBUSH FRONT BUMPER (NON-WINCH),0
FD-2962,Total Onhand,2015-2020 FORD F-150 ECO SERIES REAR BUMPER,0
FD-2966,Total Onhand,2017-2022 FORD F-250/F-350 ECO SERIES REAR BUMPER,0
FD-2968,Total Onhand,2021-2026 FORD F150 AMBUSH REAR BUMPER,0
FD-3166-HDW,Total Onhand,HARDWARE PACK CONTAINING ALL HARDWARE AND BRACKETS FOR A FD-3166,0
FD-4125,Total Onhand,2017-2017 SUPERDUTY SUP CAB SIDE STEPS ROCK STEP F250/F350/F450/F550,0
FD-4200-HDW,Total Onhand,HARDWARE PACK CONTAINING ALL HARDWARE AND BRACKETS FOR A FULL SET OF STEPS,0
FD-4201-HDW,Total Onhand,HARDWARE PACK CONTAINING ALL HARDWARE AND BRACKETS FOR A FULL SET OF STEPS,0
FD-4500-DVR,Total Onhand,A REPLACEMENT SET DRIVER SIDE FRONT AND REAR LINKAGE WITH MOTORS INSTALLED FOR FD-4500,0
FD-4500-HDW,Total Onhand,FD-4500 REPLACEMENT HARDWARE KIT (NO WIRING/CONTROLLER/LEDLIGHT),0
FD-4500-PASS,Total Onhand,A REPLACEMENT SET PASSENGER SIDE FRONT AND REAR LINKAGE WITH MOTORS INSTALLED FOR FD-4500,0
FJ-4122-RAW,Total Onhand,2007-2014 FJ Cruiser  Side Steps Rock Step,0
GM-19343,Total Onhand,2007-2013 CHEVROLET SILVERADO 1500 ECO-SERIES FRONT BUMPER,0
GM-19346,Total Onhand,2020-2023 CHEVROLET SILVERADO 2500/3500AMBUSH FRONT BUMPER (NON-WINCH),0
GM-20340,Total Onhand,2015-2019 CHEVY SILVERADO 2500/3500 AMBUSH XT FRONT BUMPER (NON-WINCH),0
GM-20341,Total Onhand,2020-2023 CHEVY SILVERADO 2500/3500 AMBUSH XT FRONT BUMPER (NON-WINCH),0
GM-20342,Total Onhand,2024 CHEVY SILVERADO 2500/3500 AMBUSH XT FRONT BUMPER (NON-WINCH),0
GM-3166,Total Onhand,2020-2026 CHEVROLET SILVERADO 2500/3500 AMBUSH REAR BUMPER,0
GM-3167,Total Onhand,2020-2024 CHEVY 2500/3500HD AMBUSH REAR BUMPER,0
GM-4200-HDW,Total Onhand,HARDWARE PACK CONTAINING ALL HARDWARE AND BRACKETS FOR A FULL SET OF STEPS,0
GM-4201-HDW,Total Onhand,HARDWARE PACK CONTAINING ALL HARDWARE AND BRACKETS FOR A FULL SET OF STEPS,0
GM-4500-DVR,Total Onhand,A REPLACEMENT SET DRIVER SIDE FRONT AND REAR LINKAGE WITH MOTORS INSTALLED FOR GM-4500,0
GM-4500-HDW,Total Onhand,GM-4500  REPLACEMENT HARDWARE KIT (NO WIRING/CONTROLLER/LEDLIGHT),0
GM-4500-PASS,Total Onhand,A REPLACEMENT SET PASSENGER SIDE FRONT AND REAR LINKAGE WITH MOTORS INSTALLED FOR GM-4500,0
GM-4501-DVR,Total Onhand,A REPLACEMENT SET DRIVER SIDE FRONT AND REAR LINKAGE WITH MOTORS INSTALLED FOR GM-4501,0
GM-4501-HDW,Total Onhand,GM-4501  REPLACEMENT HARDWARE KIT (NO WIRING/CONTROLLER/LEDLIGHT),0
GM-4501-PASS,Total Onhand,A REPLACEMENT SET PASSENGER SIDE FRONT AND REAR LINKAGE WITH MOTORS INSTALLED FOR GM-4501,0
HR74-5660-4,Total Onhand,[E&O] HUB RING 74-5660 4/BAG,0
HR74-6410-4,Total Onhand,HUB RING 74-6410 4/BAG,0
IB-1000F,Total Onhand,[E&O] ABS FRONTHUB COVERKIT W/REMOVABLE CAP 33MM/SCREW-ON W/FLANGE,0
IB-2002,Total Onhand,[E&O] abs round style push-on 33mm nut cover,0
IB-T01,Total Onhand,[E&O] abs lug nut cover tool,0
JK-4123-RAW,Total Onhand,2007-2017 Wrangler 4 Door Side Steps Rocksteps (FROM CHINA NO STEPS),0
JK-5123,Total Onhand,[E&O] 2007-2018 JEEP WRANGLER JK FRONT BUMPER SKID PLATE,0
JK-5290-PIN,Total Onhand,JK-5290 REINFORCED TIRE CARRIER REPLACEMENT HINGE PINS,0
JK-6129,Total Onhand,(DISCO) 2007-2018 WRANGLER 2 DOOR OVERLAND ROOF RACK,0
JK-6139-DFKIT,Total Onhand,2007-2017 WRANGLER GEN 3 DOOR FRAME KIT (FRAMES/PINS/LATCHPLATES/PLUGS),0
JK-7100,Total Onhand,[E&O] 2007-2018 JEEP WRANGLER JK 4 DOOR CARGO ROOF RACK,0
JK-7101,Total Onhand,[E&O] 2007-2018 JEEP WRANGLER JK 2 DOOR CARGO ROOF RACK,0
JK-713,Total Onhand,2007-2018 JEEP WRANGLER JK 2 DOOR FRAME CROSSBARS/RAILS BOX 2 OF 2,0
JK-7135-HDWR,Total Onhand,REPLACEMENT HARDWARE BAG FOR JK-7135,0
JK-FBMP-KIT,Total Onhand,JK FRONT BUMPER HARDWARE AND BRACKET KIT,0
JL-6150,Total Onhand,2018-2025 JEEP WRANGLER JL & GLADIATOR JT TRAILDOORS REAR/ PAIR,0
JL-6154-PSLP,Total Onhand,JL-6154/JL-6155  PASSENGER SIDE LOWER PIN,0
JP-DOORBUMPS,Total Onhand,JEEP TRAIL DOOR RUBBER BUMP STOP (JL-6149/ JL-6150/ JK-6139/ JK-6140/ TJ-6137) INDIVIDUAL,0
JP-SPINDLE,Total Onhand,BOLT ON SPINDLE FOR 5296/5297/5298,0
KR184-22818C38,Total Onhand,[E&O] KRAZE RICOCHET KR184 CHROME 22X8.5 5-115/5-120 38MM 74.1MM,0
KR184-2816BM38,Total Onhand,[E&O] KRAZE RICOCHET KR184 BLACK MACHINED 20X8.5 5-112/5-114.3 38MM 72.62MM,0
KR185-22818B38,Total Onhand,[E&O] KRAZE DOUBLE DOWN KR185 GLOSS BLACK 22X8.5 5-115/5-120 38MM 74.1MM,0
KR185-2814BM38,Total Onhand,[E&O] KRAZE DOUBLE DOWN KR185 BLACK MACHINED 20X8.5 5-108/5-114.3 38MM 73MM,0
KR185-8814BM40,Total Onhand,[E&O] KRAZE DOUBLE DOWN KR185 BLACK MACHINED 18X8 5x108/5x114.3 40MM 73MM,0
KR185-8814C40,Total Onhand,[E&O] KRAZE DOUBLE DOWN KR185 CHROME 18X8 5-108/5-114.3 40MM 73MM,0
KR190-2845GB38,Total Onhand,[E&O] KRAZE KR190 LUSO GLOSS BLACK 20X8.5 5-112 38MM 66.56MM,0
KR190-2864GB38,Total Onhand,[E&O] KRAZE KR190 LUSO GLOSS BLACK 20X8.5 5-115 38MM 72.62MM,0
KR190-8864GB40,Total Onhand,[E&O] KRAZE KR190 LUSO GLOSS BLACK 18X8 5-115 40MM 72.62MM,0
KR190-8865GB40,Total Onhand,[E&O] KRAZE KR190 LUSO GLOSS BLACK 18X8 5-114.3 40MM 72.62MM,0
KR191-22845BM38,Total Onhand,[E&O] KRAZE STUNNA KR191 BLACK/MACHINED FACE 22X8.5 5-112 38MM 66.56MM,0
KR191-2831BM38,Total Onhand,[E&O] KRAZE STUNNA KR191 BLACK/MACHINED FACE 20X8.5 5-108 38MM 63.5MM,0
KR191-8845BM40,Total Onhand,[E&O] KRAZE STUNNA KR191 BLACK/MACHINED FACE 18X8 5-112 40MM 66.56MM,0
KR193-7831GB38,Total Onhand,[E&O] KRAZE TURISMO KR193 GLOSS BLACK 17X8 5-108 38MM 63.5MM,0
KR196-2931GB35,Total Onhand,KRAZE EVOLVE KR196 GLOSS BLACK 20X9 5-108 35MM 63.5MM,0
KR196-2945GB35-BALL,Total Onhand,KRAZE EVOLVE KR196 GLOSS BLACK 20X9 5-112 35MM 66.56MM WITH BALL SEAT,0
KR196-8831GB35,Total Onhand,KRAZE EVOLVE KR196 GLOSS BLACK 18X8.5 5-108 35MM 63.5MM,0
KR196-8845GB30-BALL,Total Onhand,KRAZE EVOLVE KR196 GLOSS BLACK 18X8.5 5-112 30MM 66.56MM WITH BALL SEAT,0
KR196-8845GB40-BALL,Total Onhand,KRAZE EVOLVE KR196 GLOSS BLACK 18X8.5 5-112 40MM 66.56MM WITH BALL SEAT,0
KR196-8865GB60,Total Onhand,KRAZE EVOLVE KR196 GLOSS BLACK 18X8.5 5-114.3 35MM 60.1MM,0
KR196-8865GB64,Total Onhand,KRAZE EVOLVE KR196 GLOSS BLACK 18X8.5 5-114.3 35MM 64.1MM,0
KR196-8865GB67,Total Onhand,KRAZE EVOLVE KR196 GLOSS BLACK 18X8.5 5-114.3 35MM 67.1MM,0
KR196-9831GB35,Total Onhand,KRAZE EVOLVE KR196 GLOSS BLACK 19X8.5 5-108 35MM 63.5MM,0
KR196-9845GB30-BALL,Total Onhand,KRAZE EVOLVE KR196 GLOSS BLACK 19X8.5 5-112 30MM 66.56MM WITH BALL SEAT,0
KR196-9845GB40-BALL,Total Onhand,KRAZE EVOLVE KR196 GLOSS BLACK 19X8.5 5-112 40MM 66.56MM WITH BALL SEAT,0
KR196-9865GB64,Total Onhand,KRAZE EVOLVE KR196 GLOSS BLACK 19X8.5 5-114.3 35MM 64.1MM,0
KR197-7814BM35,Total Onhand,KRAZE  KR197 BLACK MACHINED 17X8 5-108/5-114.3 35MM 72.6MM,0
KR197-9809BM30,Total Onhand,KRAZE  KR197 BLACK MACHINED 19X8.5 5-112/5-120 30MM 66.56MM,0
KR197-9814BM35,Total Onhand,KRAZE  KR197 BLACK MACHINED 19X8.5 5-108/5-114.3 35MM 72.6MM,0
KR197-9814GB35,Total Onhand,KRAZE  KR197 GLOSS BLACK 19X8.5 5-108/5-114.3 35MM 72.6MM,0
KR198-2909GB35,"MSRP, Total Onhand",KRAZE NOVA KR198 GLOSS BLACK 20X9 5-112/5-120 35MM 66.56MM,0
KR198-2914GB35,"MSRP, Total Onhand",KRAZE NOVA KR198 GLOSS BLACK 20X9 5-108/5-114.3 35MM 72.6MM,0
KR198-7803GB35,"MSRP, Total Onhand",KRAZE NOVA KR198 GLOSS BLACK 17X8 5-100/5-114.3 35MM 72.6MM,0
KR198-7809GB35,"MSRP, Total Onhand",KRAZE NOVA KR198 GLOSS BLACK 17X8 5-112/5-120 35MM 66.56MM,0
KR198-7814GB35,"MSRP, Total Onhand",KRAZE NOVA KR198 GLOSS BLACK 17X8 5-108/5-114.3 35MM 72.6MM,0
KR198-8809GB35,"MSRP, Total Onhand",KRAZE NOVA KR198 GLOSS BLACK 18X8.5 5-112/5-120 35MM 66.56MM,0
KR198-8814GB35,"MSRP, Total Onhand",KRAZE NOVA KR198 GLOSS BLACK 18X8.5 5-108/5-114.3 35MM 72.6MM,0
KR198-9809GB30,"MSRP, Total Onhand",KRAZE NOVA KR198 GLOSS BLACK 19X8.5 5-112/5-120 30MM 66.56MM,0
KR198-9814GB35,"MSRP, Total Onhand",KRAZE NOVA KR198 GLOSS BLACK 19X8.5 5-108/5-114.3 35MM 72.6MM,0
M-1003F-MBLK,Total Onhand,CAP- MATTE BLACK CAP FOR 8181 FRONT 10X225,0
M-1003R-MBLK,Total Onhand,CAP- MATTE BLACK CAP FOR 8181 REAR 10X225,0
M20730-BK-01REV00,Total Onhand,POLYURETHANE STEP PADS (4 UNITS PER 5123),0
MKT-AMPCUP2201,Total Onhand,AMP TIRES 30 OZ. BLACK TUMBLER,0
MKT-DLRWCUP2201,Total Onhand,DIRTY LIFE RACE WHEELS 30 OZ. BLACK TUMBLER,0
MKT-MAYCUP2201,Total Onhand,MAYHEM WHEELS 30 OZ. BLACK TUMBLER,0
MX-51,Total Onhand,MAX SENSOR PROLINK TRIGGER TOOL,0
MX-51OBD,Total Onhand,MAX SENSOR PROLINK OBD DONGLE,0
MX-61,Total Onhand,MAX SENSOR PROLINK DIAGNOSTIC TABLET,0
MX001R,MSRP,[E&O] MAX TOTAL TPMS sensor ALL-in-ONE (315-433MHZ) RUBBER,107
MX002A,MSRP,[E&O] MAX TPMS SENSOR ALL-IN-ONE (315-433MHZ) ALUMINUM (GEN 2),15
MX002R,MSRP,[E&O] MAX TPMS SENSOR ALL-IN-ONE (315-433MHZ) RUBBER (GEN 2),141
MX005A,MSRP,MAX SENSOR GEN 5 WITH ALUMINUM VALVE,34166
MX005A_20PCS,"MSRP, Total Onhand",MAX SENSOR GEN 5 WITH ALUMINUM VALVE (20PCS),0
MX005R,MSRP,MAX SENSOR GEN 5 WITH RUBBER VALVE,117952
MX005R_20PCS,"MSRP, Total Onhand",MAX SENSOR GEN 5 WITH RUBBER VALVE (20 PCS),0
MX41,MSRP,MAX SENSOR DIAGNOSTIC & PROGRAMMING TOOL W/ OBDII,31
MX46,MSRP,[E&O] MAX WITH OBDII Diagnostic & Programming Tool,1
MX46KEY01,MSRP,MAX 46 SOFTWARE LIC 1 YEAR,1060
MXBLE02,Total Onhand,MAX SENSOR BLE (BLUETOOTH) TPMS SENSOR,0
MXBSP001,Total Onhand,[E&O] MAX TPMS DISPLAY PANEL WITH 4 MAX BLE SENSORS WITH MIDDLE SIZE VALVE STEM,0
MXCABLE-OBD,MSRP,[E&O] 16 PIN OBDII MALE TO FEMALE CABLE,549
MXSA001,MSRP,[E&O] MAX SELECT TPMS SENSOR ALL-IN-ONE (315-433MHZ) ALUMINUM (GEN 3),95
MXSA002,MSRP,[E&O] MAX SELECT PRO TPMS SENSOR ALL-IN-ONE (315-433MHZ) ALUMINUM (GEN 4),1
MXSR001,MSRP,[E&O] MAX SELECT TPMS SENSOR ALL-IN-ONE (315-433MHZ) RUBBER  (GEN 3),2
MXSR002,MSRP,[E&O] MAX SELECT PRO TPMS SENSOR ALL-IN-ONE (315-433MHZ) RUBBER (GEN 4),4578
MXSTEM-A,MSRP,[E&O] ALUMINUM STEM FOR MX-001A (RSI06),9
MXSTEM-A-BLK,"MSRP, Total Onhand",[E&O] BLACK MATT. ALUMINUM STEM FOR MX-001A (RSI06),0
MXSTEM-R,"MSRP, Total Onhand",[E&O] ALUMINUM STEM FOR MAX GEN 2 AND SELECT (RS107),0
MXSTEM-R-BLK,"MSRP, Total Onhand",[E&O] MATTE BLACK ALUMINUM STEM FOR MAX GEN 2 AND SELECT (RS107),0
SP-ANX-ELT-FLR2M,Total Onhand,TUFF STUFF SPARE PART - ELITE OVERLAND ANNEX ROOM FLOOR - 2M,0
SP-ANX-RAN-FLR1.4M,Total Onhand,TUFF STUFF SPARE PART - RANGER OVERLAND ANNEX ROOM FLOOR - 1.4M,0
SP-AWN-FAB-4.5,Total Onhand,TUFF STUFF SPARE PART - FABRIC FOR 4.5 AWNING,0
SP-AWN-LEG-4.5,Total Onhand,TS-AWN-RT-4.5/ vertical bar/ inner and outer pieces,0
SP-AWN-LEG-6.5,Total Onhand,TS-AWN-RT-6.5/ vertical bar/ inner and outer pieces,0
SP-GAS-STRUT-CS,Total Onhand,TUFF STUFF GAS STRUT FOR ALPHA,0
SP-LDR-BUCKLE,Total Onhand,LADDER STRAP CLIP FOR ALPHA AND ALPHA II &STEALTH,0
SP-RMT-LED-CS-D,Total Onhand,TUFF STUFF RTT LED LIGHT REMOTE - DUAL PLUG - ALPHA,0
SP-RTT-CSSHELL-BK-G1,Total Onhand,TUFF STUFF ORIGINAL ALPHA RTT SHELL ONLY/ BLACK,0
SP-RTT-CSSHELL-GR,Total Onhand,TUFF STUFF ALPHA RTT SHELL ONLY - GREY,0
SP-RTT-CSSHELL-GR-G1,Total Onhand,TUFF STUFF ORIGINAL ALPHA RTT SHELL ONLY/ GREY,0
SP-RTT-FAB-CS,Total Onhand,TUFF STUFF SPARE PART - ALPHA ROOF TOP TENT FABRIC,0
SP-RTT-HANDSTRAP,Total Onhand,TUFF STUFF RTT HAND STRAP - RANGER - DELTA & ELITE TENTS,0
SP-RTT-HINGE-SET,Total Onhand,TUFF STUFF SPARE PART - OVERLAND ROOF TOP TENT HINGE SET,0
SP-RTT-MP-2.75,Total Onhand,TUFF STUFF SPARE PART - ROOF TOP TENT MOUNTING PLATE,0
SP-RTT-RL-10MM,Total Onhand,TUFF STUFF SPARE PART - ROOF TOP TENT MOUNTING RAILS/ 10MM,0
SP-RTT-RL-CS,Total Onhand,TSO RTT MOUNTING RAILS/ ALUMINUM/ 1832MM/ SOLD AS A PAIR,0
SP-RTT-RL-DLT,Total Onhand,TUFF STUFF RTT MOUNTING RAILS/ DELTA/ 1.4M/ SOLD AS A PAIR,0
SP-RTT-RL-RAN-DLT,Total Onhand,TUFF STUFF SPARE PART - RTT MOUNTING RAILS/ DELTA-RANGER/ 1.4M/ PAIR,0
SP-RTT-RL-TH,Total Onhand,TUFF STUFF SPARE PART - ROOF TOP TENT MOUNTING RAILS - TRAILHEAD,0
SP-RTT-RVT-16MM,Total Onhand,TUFF STUFF RTT RIVET/ 5 X 16MM/ SOLD AS A PAIR,0
SP-RTT-SLVNUT-DRE,Total Onhand,TSO RTT INNER FRAME POLE SLEEVE AND NUT FITS DELTA/ RANGER/ ELITE BUT NOT THE TRAILHEAD,0
SP-RTT-SLVNUT-TH,Total Onhand,TSO RTT INNER FRAME POLE SLEEVE AND NUT FITS TRAILHEAD,0
SP-RTT-STRAP-CS,Total Onhand,TUFF STUFF RTT STRAP - ALPHA,0
SP-RTT-WIN-ROD-CS,Total Onhand,TUFF STUFF SPARE PART - ALPHA WINDOW ROD (EACH),0
SP-RTT-ZIP-STRP-CSG1,Total Onhand,TUFF STUFF SPARE PART - REPLACEMENT  PLASTIC ZIP STRAP & LOCK ALPHA/ G1,0
SP-SHOWER-TENT-STALL,Total Onhand,TUFF STUFF SHOWER TENT STALL ONLY,0
SP-SOL-HALO-LIGHTPOD,Total Onhand,[E&O] TUFF STUFF OVERLAND SOLAR LIGHT POD - HALO,0
SP-TENT-STAKE,Total Onhand,TUFF STUFF ROOF TOP TENT TENT STAKES/ 4 QTY,0
SP-TITAN-BASE,Total Onhand,SPARE PART - TUFF STUFF TITAN SOLAR LIGHT BASE,0
SP-UBAR-EXT-1.4,Total Onhand,TUFF STUFF SPARE PART - U-BAR FOR RANGER - 1.4M,0
SP-ZIP-HEAD,Total Onhand,TUFF STUFF ZIPPER PULL HEAD ONLY,0
TC-19336,Total Onhand,[E&O] 2012-2015 TOYOTA TACOMA FRONT WINCH BUMPER,0
TC-19339-HDW,Total Onhand,HARDWARE PACK FOR TC-19339,0
TC-19342,Total Onhand,2024-2026 TOYOTA TACOMA HILINE FRONT WINCH BUMPER,0
TC-19342W,Total Onhand,2024-2026 TOYOTA TACOMA HILINE BUMPER HIGH CLEARANCE SIDE WINGS,0
TC-2967,Total Onhand,2024-2026 TOYOTA TACOMA PRO SERIES II REAR BUMPER,0
TC-4121-RAW,Total Onhand,2005-2017 Tacoma Crew Cab  Rock Step (FROM CHINA NO STEPS),0
TC-4126,Total Onhand,2024-2026 TOYOTA TACOMA DOUBLE CAB SHORT BED REVO STEP SLIDERS,0
TC-4127,Total Onhand,2024-2026 TOYOTA TACOMA DOUBLE CAB SHORT BED REVO ROCK SLIDERS,0
TC-5293,Total Onhand,2005-2015 TOYOTA TACOMA PRO SERIES TIRE CARRIER FITS TC-2961 ONLY,0
TC-7136-HDWR,Total Onhand,REPLACEMENT HARDWARE BAG FOR TC-7136,0
TD-LATCH-KIT,Total Onhand,TRAIL DOOR LATCH SET SOLD AS PAIR (WINBOW VERSION) GEN 1 DOORS,0
TD-LTCH-KIT,Total Onhand,TRAILDOOR LATCH KIT FOR TJ-6137 (PAIR),0
TJ-19531-HDWR,Total Onhand,HARDWARE BAG FOR TJ-19531,0
TJ-2994-HDWR,Total Onhand,HARDWARE BAG FOR TJ-2994,0
TJ-6137,Total Onhand,1997-2006 JEEP WRANGLER TJ TRAILDOORS GEN 3 FRONT/ PAIR,0
TJ-6137-WEB,Total Onhand,REPLACEMENT WEBBING KIT FOR TJ-6137 TRAILDOORS/ BLACK,0
TK-CRSBRAEND,Total Onhand,CROSS BRACE END BRACKETS BLACK SAND (1PC) FOR TK-6125/TK-6126,0
TK-LMNTBRKT,Total Onhand,'L' ACCESSORY MOUNTING BRACKETS BLACK SAND (1PC) FOR TK-6125/TK-6126,0
TK-THRNUTPLT,Total Onhand,M8 (55x16-27.5-6) ZINC BLACK THREADED  NUT PLATE (1PC) FOR TK-6125/TK-6126,0
TK-THRTNUT,Total Onhand,ZINC BLACK THREADED 'T' NUTS (1PC) FOR TK-6125/TK-6126,0
TN-19335,Total Onhand,[E&O] 2007-2013 TOYOTA TUNDRA FRONT WINCH BUMPER,0
TN-19340,Total Onhand,2022-2026 TOYOTA TUNDRA HILINE FRONT WINCH BUMPER,0
TN-2961-HDWR,Total Onhand,REPLACEMENT HARDWARE BAG FOR TN-2961,0
TN-4121-HDWR,Total Onhand,REPLACEMENT HARDWARE AND BRACKETS FOR TN-4121,0
TN-4121-RAW,Total Onhand,2007-2013 Tundra Double Cab Side Steps Rock Step (FROM CHINA NO STEPS),0
TN-4122,Total Onhand,[E&O] [DISCO] 2007-2021 TUNDRA CREW MAX SIDE STEPS ROCK BOARD,0
TN-4500-HDW,Total Onhand,TN-4500  REPLACEMENT HARDWARE KIT (NO WIRING/CONTROLLER/LEDLIGHT),0
TN-4500-PASS,Total Onhand,A REPLACEMENT SET PASSENGER SIDE FRONT AND REAR LINKAGE WITH MOTORS INSTALLED FOR TN-4500,0
TR-2965,Total Onhand,2010-2024 TOYOTA 4RUNNER PRO SERIES II REAR BUMPER,0
TR-2965PS,Total Onhand,10-24 TOYOTA 4RUNNER PRO SERIES PASSENGER SIDE SWINGOUT,0
TR-2965PS-HDW,Total Onhand,HARDWARE PACK FOR TR-2965PS (DOES NOT INCLUDE BEARINGS/ LATCH AND LATCH HARDWARE),0
TR-4500,Total Onhand,2025-2026 TOYOTA 4RUNNER E-POWER BOARD STEPS,0
TR-4500-HDW,Total Onhand,TR-4500  REPLACEMENT HARDWARE KIT (NO WIRING/CONTROLLER/LEDLIGHT),0
TS-9-1000-01,Total Onhand,TUFF STUFF ALPINE 51/61 MOUNTING HW KIT FULL/WRENCH/SLIDERS/BOLT/NUT x8/FLAT LOWER BKT x4/RAIL END CAPS x4/LED REMOTE,0
TS-9-1000-02,Total Onhand,TUFF STUFF ALPINE 51/61 MOUNTING HW KIT/SLIDERS/BOLT/NUT x8/FLAT LOWER BRACKET x4,0
TS-9-1000-07,Total Onhand,TUFF STUFF ALPINE 51/61 WINDOW ROD BAG,0
TS-9-1000-08,Total Onhand,TUFF STUFF ALPINE 51/61 SHOE BAG (SINGLE),0
TS-9-1000-10,Total Onhand,TUFF STUFF ALPINE 51/61 OVERHEAD STORAGE POCKETS WITH TABLET WINDOW,0
TS-9-1000-12,Total Onhand,TUFF STUFF ALPINE 51/61 EXTENDED LADDER/125IN/320CM,0
TS-9-1000-22,Total Onhand,TUFF STUFF ALPINE 51/61 WINDOW AWNING BAG,0
TS-9-1000-36,Total Onhand,TUFF STUFF ALPINE 51/61 LOCK CLASP/HOOK/WITH HW,0
TS-9-1000-39,Total Onhand,TUFF STUFF ALPINE 51/61 UPPER GAS STRUT MOUNTS/4 MOUNTS WITH HW,0
TS-9-1000-40,Total Onhand,TUFF STUFF ALPINE 51/61 LOWER GAS STRUT MOUNTS/4 MOUNTS WITH HW,0
TS-9-1000-41,Total Onhand,TUFF STUFF ALPINE 51/61 LED LIGHT REMOTE,0
TS-9-1800-20,Total Onhand,TUFF STUFF ALPINE 51 REPLACEMENT FABRIC,0
TS-9-1800-21,Total Onhand,TUFF STUFF ALPINE 51 WINDOW AWNING (SINGLE),0
TS-9-1800-26,Total Onhand,TUFF STUFF ALPINE 51 REPLACEMENT MATTRESS,0
TS-9-1800-27,"MSRP, Total Onhand",TUFF STUFF ALPINE 51 REPLACEMENT UPPER SEAL,0
TS-9-1800-28,MSRP,TUFF STUFF ALPINE 51 REPLACEMENT LOWER SEAL,2
TS-9-1900-21,Total Onhand,TUFF STUFF ALPINE 61 WINDOW AWNING  (SINGLE),0
TS-9-1900-26,Total Onhand,TUFF STUFF ALPINE 61 REPLACEMENT MATTRESS,0
TS-9-1900-27,"MSRP, Total Onhand",TUFF STUFF ALPINE 61 REPLACEMENT UPPER SEAL,0
TS-9-1900-28,"MSRP, Total Onhand",TUFF STUFF ALPINE 61 REPLACEMENT LOWER SEAL,0
TS-9-1900-47,Total Onhand,TUFF STUFF ALPINE 61 ROOF RACK CROSS BAR (PAIR),0
TS-9-2000-02,Total Onhand,TUFF STUFF ALPHA/ALPHA II MOUNTING HW (8x SLIDER/NUT/BOLTS - 4x U-BRACKET LOWER MOUNTING PLATE),0
TS-9-2000-09,Total Onhand,TUFF STUFF ALPHA/ALPHA II HANGING ACCESSORY BAG,0
TS-9-2000-13,Total Onhand,TUFF STUFF ALPHA/ALPHA II LADDER MOUNT BRACKET (PAIR),0
TS-9-2000-14,Total Onhand,TUFF STUFF ALPHA/ALPHA II LADDER HINGE HW,0
TS-9-2000-35,Total Onhand,TUFF STUFF ALPHA/ALPHA II KEYS (PAIR),0
TS-9-2100-26,Total Onhand,TUFF STUFF ALPHA MATTRESS/6.5CM,0
TS-9-2100-29,Total Onhand,TUFF STUFF ALPHA FLOOR HINGE/31x2.8CM (PAIR),0
TS-9-2100-31,Total Onhand,TUFF STUFF ALPHA SUPPRT BAR WITH LED STRIP,0
TS-9-2100-33,Total Onhand,TUFF STUFF ALPHA ALUMINUM MOUNTING RAIL/1850MM (PAIR),0
TS-9-2202-01,Total Onhand,TUFF STUFF ALPHA II MOUNTING HW KIT FULL (AS PACKED IN A NEW TENT),0
TS-9-2202-23,Total Onhand,TUFF STUFF ALPHA II BUNGEE TO PULL IN FABRIC,0
TS-9-2202-26,Total Onhand,TUFF STUFF ALPHA II MATTRESS/6.5CM,0
TS-9-2202-29,Total Onhand,TUFF STUFF ALPHA II  FLOOR HINGE/31x2.8CM (PAIR),0
TS-9-2202-31,Total Onhand,TUFF STUFF ALPHA II SUPPRT BAR WITH LED STRIP,0
TS-9-2202-33,Total Onhand,TUFF STUFF ALPHA II  ALUMINUM MOUNTING RAIL/1460MM (PAIR),0
TS-9-4200-06,Total Onhand,TUFF STUFF 270 C/270 XL/180 XL AWNING ADJUSTABLE LEG (SINGLE),0
TS-ANX-ELT,Total Onhand,TUFF STUFF ELITE OVERLAND ROOF TOP TENT ANNEX ROOM,0
TS-ANX-RAN,Total Onhand,TUFF STUFF RANGER OVERLAND ROOF TOP TENT ANNEX ROOM,0
TS-AWN-180-CMPT-MHW,Total Onhand,TUFF STUFF COMPLETE MOUNTING KIT (BRACKET & HARDWARE) FITS COMPACT 180 AWNING,0
TS-AWN-270-4D-KIT,Total Onhand,TUFF STUFF AWNING/ 270 DEGREE/ COMPACT/ DRIVER SIDE/ KIT,0
TS-AWN-SW-270-2,Total Onhand,TUFF STUFF 270 COMPACT SHADE WALL/ PACK 2/ (2 WALLS),0
TS-AWN-SW-270-XL-D-1,Total Onhand,TUFF STUFF 270 XL-D SHADE WALL/ PACK 1/ (1 DOOR/ 1 WALL),0
TS-AWN-SW-270-XL-D-2,Total Onhand,TUFF STUFF 270 XL-D SHADE WALL/ PACK 2/ (3 WALLS),0
TS-AWN-SW-270-XL-P-1,Total Onhand,TUFF STUFF 270 XL-P SHADE WALL/ PACK 1/ (1 DOOR/ 1 WALL),0
TS-AWN-SW-270-XL-P-2,Total Onhand,TUFF STUFF 270 XL-P SHADE WALL/ PACK 2/ (3 WALLS),0
TS-FRIDGE-52L-SLIDE,Total Onhand,[E&O] TUFF STUFF REFRIGERATOR 52L - SLIDER/STRAP,0
TS-LDR-MAIN-CS-CS2,Total Onhand,TUFF STUFF OVERLAND ROOF TOP TENT MAIN LADDER FITS ALPHA/ ALPHA II/ & STEALTH,0
TS-LED-TL-USB-AW,Total Onhand,TUFF STUFF LED LIGHT STRIP USB FOR ROOF TOP TENT/ WHITE,0
TS-RFLY-CS-G1,Total Onhand,TUFF STUFF RAINFLY FOR ALPHA OVERLAND ROOFTOP TENT,0
TS-RMT-LED-CS-S,Total Onhand,TUFF STUFF RTT LED LIGHT REMOTE - SINGLE PLUG - ALPHA,0
TS-RTT-CS-LOCK,Total Onhand,TUFF STUFF RTT ALPHA LOCK - PAIR,0
TS-RTT-CS-LOCK-G2,Total Onhand,TUFF STUFF RTT ALPHA LOCK/ PAIR,0
TS-RTT-CS-MHW-BLT2.25,Total Onhand,TUFF STUFF ROOF TOP TENT SQUARE HEAD  MOUNTING HARDWARE BOLT - ALPHA,0
TS-RTT-CS-MHW-HK,Total Onhand,TUFF STUFF RTT MOUNTING HARDWARE HOOK FOR LOCK WIRE/ ALPHA,0
TS-RTT-CS-MHW-KIT-FULL-G1,Total Onhand,TUFF STUFF RTT MOUNTING HARDWARE KIT - FULL/ ALPHA G1,0
TS-RTT-CS-MHW-KIT-G1,Total Onhand,TUFF STUFF RTT MOUNTING HARDWARE KIT/ ALPHA/ GEN 1,0
TS-RTT-CS2-MHW-KIT-FULLG1,Total Onhand,TUFF STUFF RTT MOUNTING HARDWARE KIT - FULL/ ALPHA II G1,0
TS-RTT-DC-BK-ELT,Total Onhand,TUFF STUFF ELITE OVERLAND ROOF TOP TENT - DRIVING COVER - BLACK,0
TS-RTT-DC-BK-RAN-65,Total Onhand,TUFF STUFF RANGER 65 OVERLAND ROOF TOP TENT/ DRIVING COVER/ BLACK,0
TS-RTT-DC-BK-RAN-DLT,Total Onhand,TUFF STUFF RANGER & DELTA OVERLAND ROOF TOP TENT - DRIVING COVER - BLACK,0
TS-RTT-DC-BK-TH,Total Onhand,TUFF STUFF TRAILHEAD RTT DRIVING COVER - BLACK,0
TS-RTT-MAT-COV-RAN,Total Onhand,TUFF STUFF RANGER ROOF TOP TENT MATTRESS COVER,0
TS-SBAG-ANX-DLT,Total Onhand,TUFF STUFF STORAGE BAG FOR DELTA ANNEX ROOM,0
TS-SBAG-ANX-RAN,Total Onhand,TUFF STUFF STORAGE BAG FOR RANGER ANNEX ROOM,0
TS-SBAG-CS,Total Onhand,TUFF STUFF STORAGE BAG FOR ALPHA ROOF TOP TENT,0
TS-SEC-BLT-8MM,Total Onhand,TUFF STUFF SECURITY NUTS - 8MM,0
TS-TOILET-TENT,Total Onhand,TUFF STUFF PORTABLE OUTDOOR TOILET TENT,0
TS-TRK,Total Onhand,[E&O] TUFF STUFF TIRE REPAIR KIT INCLUDES TOOLS - PLUGS - PATCHES & STORAGE CASE,0
TS01-7832GB,Total Onhand,[E&O] TUFFSTUFF ASCENT TS01 GLOSS BLACK 17X8.5 6-120 0MM 66.9MM,0
TS01-7873GB,Total Onhand,[E&O] TUFFSTUFF ASCENT TS01 GLOSS BLACK 17X8.5 5-127 0MM 71.5MM,0
TS01-7883AG,Total Onhand,[E&O] TUFFSTUFF ASCENT TS01 ALPHA GREY 17X8.5 6-139.7 0MM 106MM,0
UBOLT-REPL,Total Onhand,Replacement U-Bolt for 5294 Latch,0
WA02-1010F-ST,"MSRP, Total Onhand",BLACK NITRIDE  WHEEL ADAPTER 10X225 TO 10X285.75 FRONT 170MM  WITH 10PCS 5354,0
WA02-1010R-ST,"MSRP, Total Onhand",BLACK NITRIDE  WHEEL ADAPTER 10X225 TO 10X285.75 REAR 170MM WITH 10PCS 5354,0
WA02-8200F-ST,"MSRP, Total Onhand",BLACK NITRIDE  WHEEL ADAPTER 8X200 TO 10X285.75 FRONT 142.2MM WITH 8PCS 5354,0
WA02-8200R-ST,"MSRP, Total Onhand",BLACK NITRIDE  WHEEL ADAPTER 8X200 TO 10X285.75 REAR 142.2MM  WITH 8PCS 5354,0
WA02-8210F-ST,"MSRP, Total Onhand",BLACK NITRIDE  WHEEL ADAPTER 8X210 TO 10X285.75 FRONT 154.12MM WITH 8PCS 5354,0
WA02-8210R-ST,"MSRP, Total Onhand",BLACK NITRIDE  WHEEL ADAPTER 8X210 TO 10X285.75 REAR 154.12MM  WITH 8PCS 5354,0
WR-WRAPCALI20-1,Total Onhand,WHEEL RACK 20' BRANDED WRAP - CALI,0
WR-WRAPCALI24-1,Total Onhand,WHEEL RACK 24' BRANDED WRAP - CALI,0
WR-WRAPTRN20-1,Total Onhand,WHEEL RACK 20' BRANDED WRAP - TOUREN,0
