134-7883MG,"",""
141-2170M,"",""
141-2181M,"",""
141-2270M,"",""
141-2281M,"",""
141-2937M-12,"",""
141-2970B18,"",""
141-2970C,"",""
141-2970M,"",""
141-2970M18,"",""
141-2976M-12,"",""
141-2981B18,"",""
141-2981C,"",""
141-2981M,"",""
141-2981M18,"",""
141-7970B18,"",""
141-7970M,"",""
141-7970M18,"",""
141-7981B18,"",""
141-7981M,"",""
141-7981M18,"",""
141-8970B18,"",""
141-8970M18,"",""
141-8981B18,"",""
141-8981M18,"",""
151-2181M19,"",""
151-2950M18,"",""
151-2970M18,"",""
151-2983M0,"",""
152-2937BM,"",""
152-2937M,"",""
152-2952M,"",""
152-2970BM,"",""
152-2970M,"",""
152-2978BM,"",""
152-2978M,"",""
152-2981M,"",""
167-2877GBF115,"",""
167-2877GBR192,"",""
167-2877PF115,"",""
167-2877PR192,"",""
167-2879GBF115,"",""
167-2879GBR192,"",""
167-2879PF115,"",""
167-2879PR192,"",""
167-2881GBF115,"",""
167-2881GBR192,"",""
167-2881PF115,"",""
167-2881PR192,"",""
179-8983MB25,"",""
185-6514LS388,"",""
200,"",""
20009,"",""
20010,"",""
20011,"",""
20015,"",""
20016,"",""
20020,"",""
20021,"",""
20023,"",""
20024,"",""
20025,"",""
20026,"",""
20027,"",""
201,"",""
2023,"",""
2024,"",""
2025,"",""
2026,"",""
2027,"",""
2028962,"",""
215-4017LS588UHP,"",""
215-4018LANDSAIL,"",""
215-4018LS588UHP,"",""
225-3520LS588UHP,"",""
225-4018LS388,"",""
225-5017LS388,"",""
225-5517LS388UHP,"",""
235-6047LANDSAIL,"",""
245-3022LS588UHP,"",""
245-4018LS588UHP,"",""
245-7017LSCLX11,"",""
255-3026LS588SUV,"",""
255-5019LEXANI,"",""
255-5519LS588SUV,"",""
265-3019LS588UHP,"",""
265-3520LS588UHP,"",""
265-3522LS588SUV,"",""
265-4520LS588SUV,"",""
265-5020AMP/CA,"",""
265-7017AMP/RTSL,"",""
272-87010P2D,"",""
275-3020LS588UHP,"",""
275-4522LS588SUV,"",""
2800,"",""
2800L,"",""
2800XL,"",""
2801,"",""
2802,"",""
2804,"",""
285-3522LS588SUV,"",""
285-5520AMP/RTE,"",""
285-6018LS588SUV,"",""
285-7017AMP/RTC,"",""
2900,"",""
2900B,"",""
2902,"",""
2903,"",""
2903-S,"",""
2904,"",""
2905,"",""
2906,"",""
2907,"",""
2911,"",""
2913,"",""
2913B,"",""
2916,"",""
295-2524LS588SUV,"",""
295-3020LS588UHP,"",""
2960,"",""
30042,"",""
30043,"",""
305-4522LS588SUV,"",""
305-5520AMP/CA,"",""
305-5520AMP/RTF,"",""
305-6018AMP/CA,"",""
315-7017AMP/CA,"",""
3203,"",""
3204,"",""
3208-22932GB35,"",""
3208-22932GS35,"",""
3208-22936GB25,"",""
3208-22936GS25,"",""
3208-24136GB30,"",""
3208-24183GB25,"",""
3208-2932GB35,"",""
3208-2932GS35,"",""
3208-2936GB25,"",""
3208-2936GS25,"",""
3216,"",""
3217,"",""
3222-4603B,"",""
3222-4603S,"",""
3260-7701FMB,"",""
3270-7765B,"",""
3276-2845G35-BALL,"",""
3276-2845GB35-BALL,"",""
3276-7845G35-BALL,"",""
3276-7845GB35-BALL,"",""
3276-8844G35,"",""
3276-8845G35-BALL,"",""
3276-8845GB35-BALL,"",""
3276-9845G35-BALL,"",""
3276-9845GB35-BALL,"",""
3279-2936TM30,"",""
3279-2945GB35-BALL,"",""
3279-2962GB35,"",""
3279-2983TM30,"",""
3279-7810GB35,"",""
3279-7845GB35-BALL,"",""
3279-7864GB35,"",""
3279-7865GB64-BALL,"",""
3279-7865MG35,"",""
3279-8810GB35,"",""
3279-8845GB35-BALL,"",""
3279-8845MG35,"",""
3279-8845MG35-BALL,"",""
3279-8864GB35,"",""
3279-8865GB64-BALL,"",""
3279-8865MG35,"",""
3279-8865MG60,"",""
3279-8865MG64-BALL,"",""
3279-8865MG67,"",""
3279-9845GB35-BALL,"",""
3279-9864GB35OE,"",""
3279-9865GB64,"",""
3279-9865MG35,"",""
3279-9865MG64,"",""
3280-7814GB35,"",""
3280-7814S35,"",""
3280-8809GB30,"",""
3280-8809S30,"",""
3280-8814GB35,"",""
3280-8814S35,"",""
33-125020AMP/RTE,"",""
33-125022AMP/RTE,"",""
33-125022AMP/RTF,"",""
33-135026AMP/CM2F,"",""
35-125017AMP/RTE,"",""
35-125020AMP/RTE,"",""
35-125020AMP/RTF,"",""
35-125022AMP/CA,"",""
35-125022AMP/RTE,"",""
35-125022AMP/RTF,"",""
35-135024AMP/RTE,"",""
35-135024AMP/RTF,"",""
3505-2912GB35,"",""
3505-2912S35,"",""
3505-2945GB35,"",""
3505-2945S35,"",""
3505-2965GB40,"",""
3505-2965S40,"",""
3505-8812GB35,"",""
3505-8812S35,"",""
3505-8845GB35,"",""
3505-8845S35,"",""
3505-8865GB40,"",""
3505-8865S40,"",""
3507-21512GB35,"",""
3507-21545GB40,"",""
3507-21564GB25,"",""
3507-21565GB45,"",""
3507-2912GB35,"",""
3507-2931GB32,"",""
3507-2945GB35,"",""
3507-29512GB15,"",""
3507-29545GB25,"",""
3507-29564GB18,"",""
3507-29565GB30,"",""
3507-2964GB40,"",""
3507-2965GB40,"",""
3610-22937GB20,"",""
3610-22988GB20,"",""
37-135024AMP/RTE,"",""
37-135024AMP/RTF,"",""
38-135024AMP/CM2F,"",""
4002,"",""
40022,"",""
40032,"",""
40050,"",""
4100-4-Z,"",""
4102-4-Z,"",""
4104-4-Z,"",""
4105-4-Z,"",""
4106L-4-Z,"",""
4107-4-Z,"",""
4109-4-Z,"",""
4300-4,"",""
4302-4,"",""
4304-4,"",""
4304-4-BLK,"",""
4304L-4,"",""
4304XL-4,"",""
4305-4,"",""
4305-4-BLK,"",""
4306L-4,"",""
4306L-4-BLK,"",""
4306XL-4,"",""
4307-4,"",""
4307-4-BLK,"",""
4308L-4,"",""
4308XL-4,"",""
4309-4,"",""
4309L-4,"",""
4677-4,"",""
4965-4,"",""
4966-4,"",""
4975-4,"",""
4976-4,"",""
5000,"",""
5000-0,"",""
5002,"",""
5002-0,"",""
50020,"",""
5005,"",""
5005-0,"",""
50107-DG,"",""
50107-JK,"",""
50108-JK,"",""
50110-JK,"",""
50110-JL,"",""
50205-DG,"",""
50205-GM,"",""
50207-FD,"",""
50207-FD-SHOCKEXT,"",""
50208-DG,"",""
50208-DG-SHOCKEXT,"",""
50209-FD,"",""
50209-GM,"",""
50306-SU,"",""
50307-DG,"",""
50307-GM,"",""
50307-SU,"",""
50308-SU,"",""
50401-GM,"",""
504011-GM,"",""
504012-GM,"",""
504014-GM,"",""
50501-DG,"",""
50501-GM,"",""
50502-GM,"",""
50506-FD,"",""
50506-GM,"",""
50506-TN,"",""
50507-FD,"",""
50507-JP,"",""
50507-NN,"",""
50507-T,"",""
505071-DG,"",""
505071-TC,"",""
505072-DG,"",""
505072-NN,"",""
505072-TC,"",""
505072-TN,"",""
505073-TC,"",""
505073-TN,"",""
505074-TN,"",""
50508-FD,"",""
50508-GM,"",""
506012-FD,"",""
506013-FD,"",""
506013-GM,"",""
5077,"",""
5077-BLK,"",""
5080XL,"",""
5094P,"",""
5094P-BLK,"",""
5094PK8,"",""
5094PK8-BLK,"",""
5094PL,"",""
5094PPXLK8,"",""
5094PPXLK8-BLK,"",""
5094PXL,"",""
5094PXL-BLK,"",""
5096P,"",""
5096P-BLK,"",""
5096PK8,"",""
5096PK8-BLK,"",""
5100,"",""
5100-0,"",""
5102,"",""
5102-0,"",""
5105,"",""
5105-0,"",""
5107,"",""
5110,"",""
5112,"",""
5115,"",""
5117,"",""
5120,"",""
5120-0,"",""
5122,"",""
5122-0,"",""
5123,"",""
5125-0,"",""
5125-1,"",""
5126,"",""
5126-HARDWARE,"",""
5126-RAW,"",""
5127-1,"",""
5129,"",""
5136,"",""
5139,"",""
5140,"",""
5141-B,"",""
5141-M,"",""
5142,"",""
5143,"",""
5145,"",""
5145-HDW,"",""
5146,"",""
5147,"",""
5160,"",""
5160-HDW,"",""
5165,"",""
5168,"",""
5169,"",""
5200,"",""
5200L,"",""
5201,"",""
5202,"",""
5202L,"",""
5205,"",""
5205L,"",""
5207,"",""
5294-BRNGKIT,"",""
5295-TRMNT,"",""
5297,"",""
5298,"",""
5298-CAMERA,"",""
5298-HDW,"",""
5307-GM,"",""
5350,"",""
5350K5,"",""
5352,"",""
5352K5,"",""
5352K6,"",""
5354,"",""
5354K6,"",""
5355,"",""
5355K6,"",""
5356,"",""
5356K6,"",""
5357,"",""
5357K6,"",""
5358,"",""
5358K5,"",""
5359,"",""
5359K5,"",""
5363,"",""
5363-40,"",""
5363-40-BLK,"",""
5363-43,"",""
5363-43-BLK,"",""
5365,"",""
5365-40,"",""
5365-40-BLK,"",""
5365-43,"",""
5365-43-BLK,"",""
5365-BLK,"",""
5366,"",""
5366-40,"",""
5366-40-BLK,"",""
5366-43,"",""
5366-43-BLK,"",""
5366-BLK,"",""
5367,"",""
5367-40,"",""
5367-40-BLK,"",""
5367-43,"",""
5367-43-BLK,"",""
5369,"",""
5375,"",""
5376,"",""
5376-BLK,"",""
5390,"",""
5390-0,"",""
5390-BLK,"",""
5392,"",""
5394-0,"",""
5394L,"",""
5394L-BLK,"",""
5395,"",""
5395-0,"",""
5395-BLK,"",""
5396L-BLK,"",""
5397,"",""
5397-0,"",""
5397-BLK,"",""
5440,"",""
5450,"",""
5450-BLK,"",""
5450K5,"",""
5450K5-BLK,"",""
5450K6,"",""
5450KJ-BLK,"",""
5450L,"",""
5450L-BLK,"",""
5452,"",""
5452-BLK,"",""
5452K6,"",""
5452L,"",""
5454,"",""
5454-BLK,"",""
5454K6,"",""
5454K6-BLK,"",""
5454L,"",""
5454L-BLK,"",""
5454LK6,"",""
5454LK6-BLK,"",""
5454LK8,"",""
5454LK8-BLK,"",""
5454XL,"",""
5454XL-BLK,"",""
5454XLK5,"",""
5454XLK6,"",""
5454XXL,"",""
5454XXL-BLK,"",""
5455,"",""
5455-BLK,"",""
5455K6,"",""
5455K6-BLK,"",""
5455L,"",""
5455L-BLK,"",""
5456L,"",""
5456L-BLK,"",""
5456LK6,"",""
5456LK6-BLK,"",""
5456LK8,"",""
5456LK8-BLK,"",""
5456XL,"",""
5456XL-BLK,"",""
5456XLK5,"",""
5456XLK6,"",""
5456XLK8,"",""
5456XXL,"",""
5456XXL-BLK,"",""
5457,"",""
5457-BLK,"",""
5457K6,"",""
5457K6-BLK,"",""
5457L-BLK,"",""
5458L,"",""
5458L-BLK,"",""
5458LK5,"",""
5458LK5-BLK,"",""
5458LK8,"",""
5458LK8-BLK,"",""
5458XL,"",""
5458XL-BLK,"",""
5458XLK5,"",""
5458XLK8,"",""
5458XXL,"",""
5459L,"",""
5459L-BLK,"",""
5459LK5,"",""
5481,"",""
5482,"",""
5485,"",""
5486,"",""
5487,"",""
5490,"",""
5494C,"",""
5730-Z,"",""
5730K5-Z,"",""
5734D-Z,"",""
5734DK6-Z,"",""
5734DK8-Z,"",""
5735-Z,"",""
5735K5-Z,"",""
5736D-Z,"",""
5736DK6-Z,"",""
5736DK8-Z,"",""
5737-Z,"",""
5737K5-Z,"",""
5738D-Z,"",""
5738DK5-Z,"",""
5738DK8-Z,"",""
5740,"",""
5740-BLK,"",""
5740K5,"",""
5740K5-BLK,"",""
5740KJ,"",""
5740KJ-BLK,"",""
5740L,"",""
5740L-BLK,"",""
5740LK5,"",""
5740LK5-BLK,"",""
5742,"",""
5742-BLK,"",""
5742K5,"",""
5742K5-BLK,"",""
5743B,"",""
5743B-33,"",""
5743B-33-BLK,"",""
5743B-40,"",""
5743B-40-BLK,"",""
5743B-43,"",""
5743B-43-BLK,"",""
5743B-BLK,"",""
5743BK5,"",""
5743BK5-BLK,"",""
5744B,"",""
5744B-33,"",""
5744B-33-BLK,"",""
5744B-40,"",""
5744B-40-BLK,"",""
5744B-43,"",""
5744B-43-BLK,"",""
5744B-BLK,"",""
5744B33K5,"",""
5744B33K5-BLK,"",""
5744BK5,"",""
5744BK5-BLK,"",""
5744BK5S,"",""
5744BS,"",""
5744D,"",""
5744D-BLK,"",""
5744DKJ,"",""
5744DKJ-BLK,"",""
5744ET,"",""
5744ET-BLK,"",""
5744L,"",""
5744L-BLK,"",""
5744LK6,"",""
5744LK6-BLK,"",""
5744LK8,"",""
5744LK8-BLK,"",""
5745,"",""
5745-BLK,"",""
5745-OET,"",""
5745-OET-Z,"",""
5745B,"",""
5745B-33,"",""
5745B-33-BLK,"",""
5745B-40,"",""
5745B-40-BLK,"",""
5745B-43,"",""
5745B-43-BLK,"",""
5745B-BLK,"",""
5745B33K5,"",""
5745B33K5-BLK,"",""
5745BK5,"",""
5745BK5-BLK,"",""
5745BK5S,"",""
5745BS,"",""
5745ET,"",""
5745K5,"",""
5745K5-BLK,"",""
5745K6,"",""
5745K6-BLK,"",""
5746L,"",""
5746L-BLK,"",""
5746LK6,"",""
5746LK6-BLK,"",""
5746LK8,"",""
5746LK8-BLK,"",""
5747,"",""
5747-BLK,"",""
5747B,"",""
5747B-33,"",""
5747B-33-BLK,"",""
5747B-40,"",""
5747B-40-BLK,"",""
5747B-43,"",""
5747B-43-BLK,"",""
5747B-BLK,"",""
5747B33K5,"",""
5747B33K5-BLK,"",""
5747BK5,"",""
5747BK5-BLK,"",""
5747K5-BLK,"",""
5747K6,"",""
5747K6-BLK,"",""
5748L,"",""
5748L-BLK,"",""
5748LK5,"",""
5748LK5-BLK,"",""
5748LK8,"",""
5748LK8-BLK,"",""
5749L,"",""
5749LK5,"",""
5749LK5-BLK,"",""
5749LK6,"",""
5750,"",""
5863,"",""
5865,"",""
5865-BLK,"",""
5866,"",""
5866-BLK,"",""
5867,"",""
5869,"",""
5875,"",""
5876,"",""
5876-BLK,"",""
6-17300-L23,"",""
6-17300-R23,"",""
60040,"",""
60042,"",""
60043,"",""
60045,"",""
610-2161G,"",""
610-2161MB,"",""
610-2165G,"",""
610-2165MB,"",""
610-2173G,"",""
610-2173MB,"",""
610-2861G,"",""
610-2861MB,"",""
610-2865G,"",""
610-2865MB,"",""
610-2873G,"",""
610-2873MB,"",""
610-7761G,"",""
610-7761MB,"",""
610-7765G,"",""
610-7765MB,"",""
610-7773G,"",""
610-7773MB,"",""
610-7861G,"",""
610-7861MB,"",""
610-7865G,"",""
610-7865MB,"",""
610-7873G,"",""
610-7873MB,"",""
611-2161GBMD,"",""
611-2165GBMD,"",""
611-2173GBMD,"",""
611-2861GBMD,"",""
611-2865GBMD,"",""
611-2873GBMD,"",""
611-7761GBMD,"",""
611-7765GBMD,"",""
611-7861GBMD,"",""
611-7865GBMD,"",""
611-8861GBMD,"",""
611-8865GBMD,"",""
611-8873GBMD,"",""
611-8961GBMD,"",""
611-8965GBMD,"",""
611-8973GBMD,"",""
652-2161GBD,"",""
652-2165GBD,"",""
652-2173GBD,"",""
652-2185GBD,"",""
652-2861GBD,"",""
652-2865GBD,"",""
652-2873GBD,"",""
652-2885GBD,"",""
652-7761GBD,"",""
652-7765GBD,"",""
652-7861GBD,"",""
652-7865GBD,"",""
652-8861GBD,"",""
652-8865GBD,"",""
652-8873GBD,"",""
652-8885GBD,"",""
652-8961GBD,"",""
652-8965GBD,"",""
652-8973GBD,"",""
652-8985GBD,"",""
661-2161GGD,"",""
661-2173GGD,"",""
661-2861GGD,"",""
661-2873GGD,"",""
661-8861GGD,"",""
661-8865GGD,"",""
661-8873GGD,"",""
661-8961GGD,"",""
661-8965GGD,"",""
661-8973GGD,"",""
681-22161P,"",""
681-22173P,"",""
681-22961P,"",""
681-22973P,"",""
681362,"",""
681363,"",""
681364,"",""
7000,"",""
7000K6,"",""
7000K6-BLK,"",""
7000K6-BLU,"",""
7000K6-RED,"",""
7002K5,"",""
7002K5-BLK,"",""
7004,"",""
7004-BLK,"",""
7004K6,"",""
7004K6-BLK,"",""
7004K6-BLU,"",""
7004K6-RED,"",""
7004K8,"",""
7004K8-BLK,"",""
7004K8-BLU,"",""
7004K8-RED,"",""
7005,"",""
7005K6,"",""
7005K6-BLK,"",""
7005K6-BLU,"",""
7005K6-RED,"",""
7006,"",""
7006-BLK,"",""
7006K6,"",""
7006K6-BLK,"",""
7006K8,"",""
7006K8-BLK,"",""
7008K5,"",""
7008K5-BLK,"",""
7008K8,"",""
7008K8-BLK,"",""
7008K8-BLU,"",""
7008K8-RED,"",""
7204-BLK,"",""
7204K8,"",""
7204K8-BLK,"",""
7204K8-BLU,"",""
7204K8-RED,"",""
7206-BLK,"",""
7206K8,"",""
7206K8-BLK,"",""
7208,"",""
7208K8,"",""
7208K8-BLK,"",""
8015-2181B,"",""
8015-2970B,"",""
8015-7970BTR,"",""
8015-8981B18,"",""
8065-Z,"",""
8090-2970M18,"",""
8090-2970MB,"",""
8090-2981MB,"",""
8090-8970M18,"",""
8090-8970MB18,"",""
8090-8981MB18,"",""
8094PK8-B,"",""
8094PK8-C,"",""
8094PPXLK10-B,"",""
8094PPXLK10-C,"",""
8098PPXLK10-B,"",""
8098PPXLK10-C,"",""
8100-Z,"",""
8101-22881CI121,"",""
8101-22881MR121,"",""
8101-2881BI121,"",""
8101-2881CI121,"",""
8101-2881MR121,"",""
8102-Z,"",""
8103-7970M18,"",""
8104-Z,"",""
8105-Z,"",""
8106-Z,"",""
8107-2170MB,"",""
8107-2281BM,"",""
8107-2970BM,"",""
8107-8970BTR,"",""
8107-Z,"",""
8107D-2879BF115,"",""
8107D-2879BR192,"",""
8107D-7677FP,"",""
8107D-7681RP,"",""
8108-Z,"",""
8109-Z,"",""
8118-2937B,"",""
8118-2937MZ,"",""
8118-2952BM,"",""
8119-2137GB-19,"",""
8119-2137M-19,"",""
8120-22183GB-19,"",""
8120-2983GB0,"",""
8120-2983GB18,"",""
8120-8936GB18,"",""
8120-8983GB18,"",""
8121-22170GB-19,"",""
8121-22178GB-19,"",""
8121-22181GB-19,"",""
8121-22183GB-19,"",""
8121-2932GB18,"",""
8121-2970GB0,"",""
8121-2970GB18,"",""
8121-2978GB0,"",""
8121-2978GB18,"",""
8121-2981GB0,"",""
8121-2981GB18,"",""
8121-2983GB0,"",""
8121-2983GB18,"",""
8161-C,"",""
8165L-C,"",""
8265-C,"",""
8300-C,"",""
8300L-C,"",""
8302-C,"",""
8304-2936M0,"",""
8304-2970M0,"",""
8304-2981M0,"",""
8304-2983M0,"",""
8304-7936M0,"",""
8304-7973M12,"",""
8304-7983M0,"",""
8304-7983M12,"",""
8304-C,"",""
8304L-C,"",""
8305-5744MG,"",""
8305-8970MB18,"",""
8305-8981MB18,"",""
8305-C,"",""
8306-7883BZ25,"",""
8306-7883MB25,"",""
8306-8983BZ20,"",""
8306-8983MB20,"",""
8306L-C,"",""
8307-C,"",""
8308L-C,"",""
8309-7973B,"",""
8309-C,"",""
8310-7936GB,"",""
8310-7936MGT,"",""
8310-7970GB,"",""
8310-7970MGT,"",""
8310-7978GB,"",""
8310-7978MGT,"",""
8310-7981GB,"",""
8310-7981MGT,"",""
8310-7983GB,"",""
8310-7983MGT,"",""
8350-Z,"",""
8352-Z,"",""
8354-Z,"",""
8355-Z,"",""
8357-Z,"",""
8358-Z,"",""
8359-Z,"",""
8405-C,"",""
8407-C,"",""
8430K6-Z,"",""
8434K6-Z,"",""
8434K6ET-Z,"",""
8434K8-Z,"",""
8435K5-Z,"",""
8435K6-Z,"",""
8435K6ET-Z,"",""
8436K6-Z,"",""
8436K8-Z,"",""
8437K5-Z,"",""
8437K6-Z,"",""
8438K5-Z,"",""
8438K8-Z,"",""
8440-B,"",""
8440-C,"",""
8440K6-B,"",""
8440K6-C,"",""
8442-C,"",""
8442K5-B,"",""
8442K5-C,"",""
8443BK5-B,"",""
8443BK5-C,"",""
8444-B,"",""
8444-C,"",""
8444BK5-B,"",""
8444BK5-C,"",""
8444BK5L-B,"",""
8444BK5L-C,"",""
8444BK5S-B,"",""
8444BK5S-C,"",""
8444K6-B,"",""
8444K6-C,"",""
8444K6ET-B,"",""
8444K6ET-C,"",""
8444L-B,"",""
8444L-C,"",""
8444LK6-B,"",""
8444LK6-C,"",""
8444LK6ET-B,"",""
8444LK6ET-C,"",""
8444LK8-B,"",""
8444LK8-C,"",""
8445-B,"",""
8445-C,"",""
8445BK5-B,"",""
8445BK5-C,"",""
8445BK5S-B,"",""
8445BK5S-C,"",""
8445K5-B,"",""
8445K5-C,"",""
8445K6-B,"",""
8445K6-C,"",""
8445K6ET-B,"",""
8445K6ET-C,"",""
8446LK6-B,"",""
8446LK6-C,"",""
8446LK8-B,"",""
8446LK8-C,"",""
8447-B,"",""
8447-C,"",""
8447BK5-B,"",""
8447BK5-C,"",""
8447K5-B,"",""
8447K5-C,"",""
8447K6-B,"",""
8447K6-C,"",""
8447K6ET-B,"",""
8447K6ET-C,"",""
8448L-B,"",""
8448L-C,"",""
8448LK5-B,"",""
8448LK5-C,"",""
8448LK8-B,"",""
8448LK8-C,"",""
8450-C,"",""
8454-B,"",""
8454-C,"",""
8454ET-B,"",""
8454ET-C,"",""
8454L-B,"",""
8454L-C,"",""
8454LET-B,"",""
8454LET-C,"",""
8455-B,"",""
8455-C,"",""
8457-C,"",""
8458L-C,"",""
8459L-C,"",""
8730-Z,"",""
8730K6-Z,"",""
8734-Z,"",""
8734ET-Z,"",""
8734K6-Z,"",""
8734K6ET-Z,"",""
8734K8-Z,"",""
8735-Z,"",""
8735ET-Z,"",""
8735K5-Z,"",""
8735K6-Z,"",""
8735K6ET-Z,"",""
8736-Z,"",""
8736K6-Z,"",""
8736K8-Z,"",""
8737-Z,"",""
8737K5-Z,"",""
8737K6-Z,"",""
8738-Z,"",""
8738K5-Z,"",""
8738K8-Z,"",""
8740-B,"",""
8740-C,"",""
8740K6-B,"",""
8740K6-C,"",""
8740K6ET-B,"",""
8740K6ET-C,"",""
8741BK5-B,"",""
8741BK5-C,"",""
8742-B,"",""
8742-C,"",""
8742K5-B,"",""
8742K5-C,"",""
8743B-B,"",""
8743B-C,"",""
8743BK5-B,"",""
8743BK5-C,"",""
8744-B,"",""
8744-C,"",""
8744B-B,"",""
8744B-C,"",""
8744BK5-B,"",""
8744BK5-C,"",""
8744BK5L-B,"",""
8744BK5L-C,"",""
8744BK5S-B,"",""
8744BK5S-C,"",""
8744ET-B,"",""
8744ET-C,"",""
8744K6-B,"",""
8744K6-C,"",""
8744K6ET-B,"",""
8744K6ET-C,"",""
8744L-B,"",""
8744L-C,"",""
8744LET-B,"",""
8744LET-C,"",""
8744LK6-B,"",""
8744LK6-C,"",""
8744LK6ET-B,"",""
8744LK6ET-C,"",""
8744LK8-B,"",""
8744LK8-C,"",""
8745-B,"",""
8745-C,"",""
8745B-B,"",""
8745B-C,"",""
8745BK5-B,"",""
8745BK5-C,"",""
8745BK5L-B,"",""
8745BK5L-C,"",""
8745BK5S-B,"",""
8745BK5S-C,"",""
8745ET-B,"",""
8745ET-C,"",""
8745K5-B,"",""
8745K5-C,"",""
8745K6-B,"",""
8745K6-C,"",""
8745K6ET-B,"",""
8745K6ET-C,"",""
8746L-B,"",""
8746L-C,"",""
8746LK6-B,"",""
8746LK6-C,"",""
8746LK8-B,"",""
8746LK8-C,"",""
8747-B,"",""
8747-C,"",""
8747BK5-B,"",""
8747BK5-C,"",""
8747K5-B,"",""
8747K5-C,"",""
8747K6-B,"",""
8747K6-C,"",""
8747K6ET-B,"",""
8747K6ET-C,"",""
8748L-B,"",""
8748L-C,"",""
8748LK5-B,"",""
8748LK5-C,"",""
8748LK8-B,"",""
8748LK8-C,"",""
8749BK5-B,"",""
8749BK5-C,"",""
90001,"",""
91001,"",""
91010,"",""
91011,"",""
9110-2170BMN,"",""
9110-2170GBN,"",""
9110-2170PN,"",""
9110-2178BMN,"",""
9110-2178GBN,"",""
9110-2178PN,"",""
9110-2181BMN,"",""
9110-2181GBN,"",""
9110-2181PN,"",""
9110-2183BMN,"",""
9110-2183PN,"",""
9110-22136BMN,"",""
9110-22170BMN,"",""
9110-22178BMN,"",""
9110-22181BMN,"",""
9110-22181PN,"",""
9110-22183BMN,"",""
9110-22183PN,"",""
9110-22236PN,"",""
9110-22270BMN,"",""
9110-22270PN,"",""
9110-22278BMN,"",""
9110-22278GBN,"",""
9110-22278PN,"",""
9110-22281BMN,"",""
9110-22281GBN,"",""
9110-22281PN,"",""
9110-22283BMN,"",""
9110-22283PN,"",""
9110-2270BMN,"",""
9110-2270PN,"",""
9110-2278BMN,"",""
9110-2281BMN,"",""
9110-2281PN,"",""
9110-2283BMN,"",""
9110-2283PN,"",""
9110D-22877GBR192,"",""
9110D-22879GBF115,"",""
9110D-22879GBR192,"",""
9110D-22879GBR232,"",""
9110D-2879GBF115,"",""
9110D-2879GBR192,"",""
9110D-2879GBR232,"",""
9110D-2881GBR232,"",""
9115-24483C,"",""
9115D-22877BMF115,"",""
9115D-22877BMR192,"",""
9115D-22877BMR232,"",""
9115D-22877CF115,"",""
9115D-22877CR192,"",""
9115D-22879BMF115,"",""
9115D-22879BMR192,"",""
9115D-22879BMR232,"",""
9115D-22879CF115,"",""
9115D-22879CR192,"",""
9115D-22879CR232,"",""
9115D-22881BMF115,"",""
9115D-22881BMR192,"",""
9115D-22881BMR232,"",""
9115D-22881CF115,"",""
9115D-22881CR192,"",""
9115D-22881CR232,"",""
9115D-24877BMF115,"",""
9115D-24877BMR232,"",""
9115D-24877CF115,"",""
9115D-24877CR232,"",""
9115D-24879BMR232,"",""
9116-26436C,"",""
9117-2173BM,"",""
9117-22270BM,"",""
9117-2936BM,"",""
9118-2170BM,"",""
9118-2170P,"",""
9118-2178BM,"",""
9118-2178P,"",""
9118-2181BM,"",""
9118-2181P,"",""
9118-2183BM,"",""
9118-2183P,"",""
9119-24236GB-25,"",""
9119-24270GB-25,"",""
9119-24278GB-25,"",""
9119-24281GB-25,"",""
9119-24283GB-25,"",""
9302-4799M,"",""
9302-4799MB,"",""
9302-5799M,"",""
9302-5799MB,"",""
9302-7999M14,"",""
9302-7999MB14,"",""
9302-7999MB38,"",""
9302RACERING-15M2,"",""
9302RACERING-17M,"",""
9302RACERING-17MB,"",""
9302RACERING-20M,"",""
9302RACERING-20MB,"",""
9302SPACER-17,"",""
9303-7973M12,"",""
9303-7973M38,"",""
9303-7983M12,"",""
9303RASHRING-17MB,"",""
9303RASHRING-20MB,"",""
9303SIMURING-17MB,"",""
9303SIMURING-20MB,"",""
9303SPACER-20,"",""
9304RASHRING-17MB,"",""
9304RASHRING-20MB,"",""
9305-6832MB0,"",""
9305-6883MB0,"",""
9309-7836M25,"",""
9309-7883M25,"",""
9309-7883MB25,"",""
9309-7883MGT25,"",""
9309-7936M0,"",""
9309-7973M12,"",""
9309-7983M0,"",""
9309-7983M12,"",""
9309-8983M20,"",""
9309-8983MB20,"",""
9309-8983MGT20,"",""
9309R-57102MB,"",""
9309R-5765M38,"",""
9309R-5799M,"",""
9309R-5799MB,"",""
9310-7883MB25,"",""
9310-7883MGT25,"",""
9310-7973M12,"",""
9310-8983MB20,"",""
9310-8983MGT20,"",""
9310S-47101M,"",""
9310S-47102M,"",""
9310S-47102MB,"",""
9310S-4799M,"",""
9310S-4799MB,"",""
9310S-57101M,"",""
9310S-57101MB,"",""
9310S-57102M,"",""
9310S-5799M,"",""
9310S-5799MB,"",""
9312-7999M12,"",""
9312RACERING-17M,"",""
9312RACERING-17MB,"",""
9313-7983R38,"",""
9314-2170MB44,"",""
9314-2173M44,"",""
9314-2173MB44,"",""
9314-2181M44,"",""
9314-2199MB44,"",""
9314-7965MB12,"",""
9314-7973M12,"",""
9314-7973M38,"",""
9314-7983MB12,"",""
9314-7999M38,"",""
9314-7999MB12,"",""
9314RACERING-20M,"",""
9314RACERING-20MB,"",""
9315-2136DS,"",""
9315-2136MB,"",""
9315-2136R,"",""
9315-2170MB,"",""
9315-2170R,"",""
9315-2173MB,"",""
9315-2181MB,"",""
9315-2181R,"",""
9315-2183R,"",""
9315-2936MB12,"",""
9315-2973DS12,"",""
9315-2973R12,"",""
9315-2983DS12,"",""
9315-2983MB12,"",""
9315-7936MB12,"",""
9315-7936R12,"",""
9315-7973DS38,"",""
9315-7973MB12,"",""
9315-7973MB38,"",""
9315-7973R12,"",""
9315-7973R38,"",""
9315-7981MB38,"",""
9315-7983MB12,"",""
9315-7983MB38,"",""
9315-7983R12,"",""
9315-7983R38,"",""
9315-8936MB12,"",""
9315-8973DS12,"",""
9316-7836MB,"",""
9316-7836MZ,"",""
9316-7873MZ,"",""
9316-7883MB,"",""
9316-7883MZ,"",""
9317-7973M,"",""
9317-7973MB38,"",""
9317-7983M,"",""
9317-7983MB,"",""
9400-7999M14,"",""
A141SP-MB,"",""
A143SP-B,"",""
A143SP-MB,"",""
A144SP-B,"",""
A144SP-MB,"",""
A151SP-B,"",""
A152SP-B,"",""
A8015SP-B,"",""
A8015SP-MB,"",""
A8030MB,"",""
A8040B,"",""
A8040C,"",""
A8102B,"",""
A8102C,"",""
A8102SP-C,"",""
A8106SP-BM,"",""
A8106SP-GB,"",""
A8107SP-B,"",""
A8107SP-MB,"",""
A8116SP-B,"",""
A8116SP-MZ,"",""
A8117SP-B,"",""
A8117SP-MB,"",""
A8808SP-MB,"",""
A9100C,"",""
A9100C-CALI,"",""
A9100C-CALIOFFROAD,"",""
A9100C-MAYHEM,"",""
A9100MB,"",""
A9100MB-CALI,"",""
A9100MB-CALIOFFROAD,"",""
A9100SP-C,"",""
A9100SP-MB,"",""
A9101C,"",""
A9101MB,"",""
A9102C,"",""
A9110B02-RMT,"",""
A9110B04-RMT,"",""
A9110C02-RMT,"",""
A9110C04-RMT,"",""
A9305MB01,"",""
A9305MB01-DL,"",""
A9305MB02,"",""
A9305MB02-DL,"",""
A9305MB03,"",""
A9308MB01-DL,"",""
A9308MB02-DL,"",""
A9308MB03-DL,"",""
AAT1903SP-B,"",""
AAT1903SP-C,"",""
ACC-316C,"",""
ACC-316F88U,"",""
ACC-317F8-4,"",""
AT1917SP-B,"",""
B-MX002A,"",""
B-MX002R,"",""
B-MXSA001,"",""
B-MXSR001,"",""
B/ABUMPERSENSOR,"",""
B/ADGSENSORKIT,"",""
B/ASRAWNCONNECTORS,"",""
B/ASRAWNCOVER,"",""
B/ASRBRIDGEPOLE1.9M,"",""
B/ASRCOVERSTRAP1.9M,"",""
B/ASRLADDER,"",""
B/ASRLADDER-2,"",""
B/ASRLITTLEPLATE1.2M,"",""
B/ASRLITTLEPLATE1.9M,"",""
B/ASRTENTBED,"",""
B/ASRTENTCONNECTORS,"",""
B/ASRTENTCOVER,"",""
B/ASRTENTCOVER-2,"",""
B/ASRTENTHARDWARE,"",""
B/ASRTENTHARDWARE-2,"",""
B/ASRTENTHINGE,"",""
B/ASRTENTHINGE-2,"",""
B/ASRTENTMATTRESS,"",""
B/ASRTENTRAILS-2,"",""
B/ASRTENTRAINFLY,"",""
B/ASRTENTWINDPOLES,"",""
B/ASRVELCROSTRAP1.2M,"",""
B/ASRVELCROSTRAP1.9M,"",""
BA-4500-CONTROLLER,"",""
BA-4500-HARNESS,"",""
BA-4500-HARNESS-FB00,"",""
BA-4500-HARNESS-FD00,"",""
BA-4500-HARNESS-GM00,"",""
BA-4500-HARNESS-GM01,"",""
BA-4500-HARNESS-TN00,"",""
BA-4500-LIGHT,"",""
BA-4500-MAG,"",""
BA-BRNGKIT,"",""
BA-DUST-CAP,"",""
BG-01,"",""
BOLT-M5-10,"",""
BOLT-M5-10BLK,"",""
BOLT-M5-15BLK,"",""
BOLT-M5-20,"",""
BOLT-M6-12,"",""
BOLT-M6-15,"",""
BOLT-M6-15BLK,"",""
BOLT-M6-20,"",""
BOLT-M6-20BLK,"",""
BOLT-M6-25,"",""
BOLT-M6-25BLK,"",""
BOLT-M6-35,"",""
BOLT-M6-35BLK,"",""
BOLT-M6-40,"",""
BOLT-M6-40BLK,"",""
BOLT-M6-8,"",""
BOLT-M8-10,"",""
BOLT-M8-15,"",""
BOLT-M8-15BLK,"",""
BOLT-M8-20,"",""
BOLT-M8-25,"",""
BOLT-M8-25BLK,"",""
BOLT-M8-45BLK,"",""
BPAD-L,"",""
BPAD-M,"",""
C1008C,"",""
C1008S,"",""
C10103MB01,"",""
C1012612295F-1,"",""
C1012612295F-2,"",""
C1012612295F-3,"",""
C1012732285F-1,"",""
C10134MB01,"",""
C10134MB02,"",""
C10134MB03,"",""
C10134MB04,"",""
C10134MB05,"",""
C10134MB06,"",""
C10134MB07,"",""
C10135,"",""
C10135MB02,"",""
C101414C,"",""
C101414GB,"",""
C10141B,"",""
C10141B-W,"",""
C10141C,"",""
C10141MB,"",""
C10142B02,"",""
C10142B03,"",""
C10142B05,"",""
C10142B06,"",""
C10142B07,"",""
C10142MB02,"",""
C10142MB03,"",""
C10142MB05,"",""
C10142MB06,"",""
C10142MB07,"",""
C10143B01,"",""
C10143B02,"",""
C10143B03,"",""
C10143B04,"",""
C10143B05,"",""
C10143BR01,"",""
C10143BR02,"",""
C10143BR03,"",""
C10143BR04,"",""
C10143BR05,"",""
C10143MB01,"",""
C10143MB02,"",""
C10143MB03,"",""
C10143MB04,"",""
C10143MB05,"",""
C10143MB06,"",""
C10144B01,"",""
C10144B02,"",""
C10144MB01,"",""
C10144MB02,"",""
C10146B01,"",""
C10146B02,"",""
C10146B03,"",""
C10146B04,"",""
C10146B05,"",""
C10146MB01,"",""
C10146MB02,"",""
C10146MB03,"",""
C10146MB04,"",""
C10146MB05,"",""
C10147B01,"",""
C10147B02,"",""
C10147B03,"",""
C10147B04,"",""
C10147B05,"",""
C10149B01,"",""
C10149B02,"",""
C10149B03,"",""
C10149B04,"",""
C10149B05,"",""
C10149MB01,"",""
C10149MB02,"",""
C10149MB03,"",""
C10149MB04,"",""
C10149MB05,"",""
C101503L216B,"",""
C101503L216CH,"",""
C10151B01,"",""
C10151B02,"",""
C10151B03,"",""
C10151B04,"",""
C10151B05,"",""
C10152B,"",""
C1016601C,"",""
C1016601C-0,"",""
C1016601MB,"",""
C1016602B,"",""
C1016602C,"",""
C1016602MB,"",""
C1016701B-F,"",""
C1016701B-R,"",""
C1016701C-F,"",""
C1016701C-R,"",""
C1016701MB-F,"",""
C1016701MB-R,"",""
C1016702B-F,"",""
C1016702B-R,"",""
C1016702C-F,"",""
C1016702C-F0,"",""
C1016702C-R,"",""
C1016702MB-F,"",""
C1016702MB-F0,"",""
C1016702MB-R,"",""
C101710,"",""
C101710-0,"",""
C101710-0MB,"",""
C101710MB,"",""
C101710MBF,"",""
C101711,"",""
C101711-0,"",""
C101711-0MB,"",""
C101711MB,"",""
C101711MBF,"",""
C101712,"",""
C101712-0,"",""
C101712MB,"",""
C101712MBF,"",""
C101713,"",""
C101713-0,"",""
C101713-0MB,"",""
C101713MB,"",""
C101713MBF,"",""
C101714,"",""
C101714MB,"",""
C1017313MB,"",""
C10179C0,"",""
C10179C1,"",""
C10179C2,"",""
C10179C3,"",""
C10179C4,"",""
C10179MB0,"",""
C10179MB1,"",""
C10179MB2,"",""
C10179MB3,"",""
C10179MB4,"",""
C10181C,"",""
C10181G,"",""
C10181MB,"",""
C10184C,"",""
C10184MB,"",""
C10184MB-RR,"",""
C10186B03,"",""
C10189C,"",""
C10189MB,"",""
C1024801B,"",""
C103130C,"",""
C103130M,"",""
C1031901C,"",""
C1031901M,"",""
C1031901MB,"",""
C1031901S,"",""
C1031902C,"",""
C1031902M,"",""
C1031902MB,"",""
C1031902S,"",""
C1031903C,"",""
C1031903M,"",""
C1031903MB,"",""
C1031903S,"",""
C103208B,"",""
C103208S,"",""
C103222B,"",""
C103222S,"",""
C1032601B,"",""
C1032601G,"",""
C1032601MB,"",""
C1032601R,"",""
C1032601S,"",""
C1032602B,"",""
C1032602G,"",""
C1032602MB,"",""
C1032602R,"",""
C1032602S,"",""
C1032603B,"",""
C1032603G,"",""
C1032603MB,"",""
C1032603R,"",""
C103262B,"",""
C103262S,"",""
C103265B,"",""
C103265G,"",""
C103265S,"",""
C103266B,"",""
C103266GB,"",""
C103270B01,"",""
C103270B02,"",""
C103270B03,"",""
C103270B04,"",""
C103270C01,"",""
C103270C02,"",""
C103270C03,"",""
C103270C04,"",""
C103272S,"",""
C103273B,"",""
C103273S,"",""
C103274MB01,"",""
C103274MB02,"",""
C103274MB03,"",""
C103274MB04,"",""
C103274MB05,"",""
C103274MGD01,"",""
C103274MGD02B,"",""
C103274MGD03B,"",""
C103274MGD04B,"",""
C103274MGD05B,"",""
C103275C01,"",""
C103275C02,"",""
C103275C03,"",""
C103275C04,"",""
C103276C01,"",""
C103276C02,"",""
C103276C03,"",""
C103276C04,"",""
C103276CH01,"",""
C103276CH02,"",""
C103276CH03,"",""
C103276CH04,"",""
C103276G01,"",""
C103276G02,"",""
C103276G03,"",""
C103276G04,"",""
C103278C01,"",""
C103278C01-MB,"",""
C103278C02,"",""
C103278C02-MB,"",""
C103278C03,"",""
C103278C03-MB,"",""
C103278C04,"",""
C103278C04-MB,"",""
C103279B01,"",""
C103279B02,"",""
C103279B03,"",""
C103279B06,"",""
C103279BR01,"",""
C103279BR02,"",""
C103279BR03,"",""
C103279C05,"",""
C103279C06,"",""
C103279MB01,"",""
C103279MB02,"",""
C103279MB03,"",""
C103279MB05,"",""
C103279MG01,"",""
C103279MG02,"",""
C103279R01,"",""
C103279R02,"",""
C103279R03,"",""
C103280B,"",""
C103280S,"",""
C103281B,"",""
C103281S,"",""
C103291B01,"",""
C103291B02,"",""
C103291B03,"",""
C103291MB01,"",""
C103291MB02,"",""
C103291MB03,"",""
C103292B01,"",""
C103292B02,"",""
C103292B03,"",""
C103292MGD01,"",""
C103292MGD02,"",""
C103292MGD03,"",""
C103293GT01,"",""
C103293GT02,"",""
C103293GT03,"",""
C103293MB01,"",""
C103293MB02,"",""
C103293MB03,"",""
C103294GB01,"",""
C103294GB02,"",""
C103294GB03,"",""
C103294GB04,"",""
C103294MZ01,"",""
C103294MZ02,"",""
C103294MZ03,"",""
C103294MZ04,"",""
C103294TG01,"",""
C103294TG02,"",""
C103294TG03,"",""
C103294TG04,"",""
C103296B01,"",""
C103296B02,"",""
C103296B03,"",""
C10337B,"",""
C10337C,"",""
C10341B01,"",""
C10341B02,"",""
C10341B03,"",""
C10341C01,"",""
C10341C02,"",""
C10341C03,"",""
C10342B01,"",""
C10342B02,"",""
C10342B03,"",""
C10342C01,"",""
C10342C02,"",""
C10342C03,"",""
C103501MB02,"",""
C103501S01,"",""
C103501S02,"",""
C103501S03,"",""
C103502B01,"",""
C103502B02,"",""
C103502B03,"",""
C103502GT01,"",""
C103502GT02,"",""
C103502GT03,"",""
C103502S01,"",""
C103502S02,"",""
C103503BZ01,"",""
C103503BZ02,"",""
C103503BZ03,"",""
C103503BZ04,"",""
C103503GT01,"",""
C103503GT02,"",""
C103503GT03,"",""
C103503GT04,"",""
C103503MB01,"",""
C103503MB02,"",""
C103503MB03,"",""
C103503MB04,"",""
C103504S02,"",""
C103504S03,"",""
C103507B,"",""
C10351B,"",""
C10351B2090,"",""
C10351C,"",""
C10351C2090,"",""
C103610B,"",""
C103610C,"",""
C103610S,"",""
C10363B01,"",""
C10363B02,"",""
C10363C01,"",""
C10363C02,"",""
C10364B01,"",""
C10364B02,"",""
C10364C01,"",""
C10364C02,"",""
C10367C,"",""
C10367MB,"",""
C10368B,"",""
C10368C,"",""
C10369C,"",""
C10369MB,"",""
C10371B01,"",""
C10371B02,"",""
C10371B03,"",""
C10371B04,"",""
C10371C01,"",""
C10371C02,"",""
C10371C03,"",""
C10371C04,"",""
C10371MB01,"",""
C10371MB02,"",""
C10371MB03,"",""
C10372C01,"",""
C10372C02,"",""
C10372C03,"",""
C10372MB01,"",""
C10372MB02,"",""
C10372TM01,"",""
C10372TM02,"",""
C10372TM03,"",""
C10373TM02,"",""
C10373TM03,"",""
C10374B01,"",""
C10374B02,"",""
C10374TM01,"",""
C10374TM02,"",""
C10376B01,"",""
C10376B02,"",""
C10376MB01,"",""
C10376MB02,"",""
C10377B01,"",""
C10377B02,"",""
C10377B03,"",""
C10377C01,"",""
C10377C02,"",""
C10377C03,"",""
C10378B01,"",""
C10378B02,"",""
C10378B03,"",""
C10379B01,"",""
C10379C01,"",""
C10388G,"",""
C10389B,"",""
C10605-3BAR,"",""
C10605C,"",""
C10606C,"",""
C10606G,"",""
C10606GB,"",""
C10606MB,"",""
C10607C,"",""
C10607MB,"",""
C10608C,"",""
C10608G,"",""
C10609C,"",""
C10609MB,"",""
C10610G01,"",""
C10610MB01,"",""
C10611B01,"",""
C10611C,"",""
C1062972085F-1,"",""
C1062972085F-2,"",""
C10645C01,"",""
C10645C02,"",""
C10650C,"",""
C10650G,"",""
C10650MB,"",""
C10675,"",""
C10675B,"",""
C10675S,"",""
C10676-AL,"",""
C10676-C,"",""
C10677-AL,"",""
C10677-C,"",""
C10681-5H-B,"",""
C10681-5H-C,"",""
C10681-5H-MB,"",""
C10681-6H-B,"",""
C10681-6H-C,"",""
C10681-6H-MB,"",""
C10681-8H-B,"",""
C10681-8H-C,"",""
C10681-8H-MB,"",""
C10695C,"",""
C10695G,"",""
C10695J,"",""
C10695MB,"",""
C10711,"",""
C10712,"",""
C10713,"",""
C1071402295F-1,"",""
C1071402295F-2,"",""
C1071402295F-3,"",""
C1071402295F-4,"",""
C10731L154CH,"",""
C10731L154M,"",""
C10731L154MB,"",""
C10732L189CH,"",""
C10733L176CH,"",""
C10733L176M,"",""
C108010C01,"",""
C108010C01-N,"",""
C108010MB01,"",""
C108010MB01-N,"",""
C108015B,"",""
C108015B-L,"",""
C108015B-LN,"",""
C108015BB01,"",""
C108015BR01,"",""
C108015MB,"",""
C108015MB-LN,"",""
C108020-1-C,"",""
C108040B01-N,"",""
C108070B-L,"",""
C108070MB-L,"",""
C108100B,"",""
C108100B-N,"",""
C108100C,"",""
C108100C-N,"",""
C108101B01-FN,"",""
C108101B01-R,"",""
C108101B01-RN,"",""
C108101B02-F,"",""
C108101B02-FN,"",""
C108101B02-RN,"",""
C108101C01-F,"",""
C108101C01-FN,"",""
C108101C01-R,"",""
C108101C01-RN,"",""
C108101C02-FN,"",""
C108101C02-R,"",""
C108101C02-RN,"",""
C108101MB01-F,"",""
C108101MB01-R,"",""
C108101MB02-F,"",""
C108101MB02-R,"",""
C108103B,"",""
C108103B-N,"",""
C108103C,"",""
C108103C-N,"",""
C108104B,"",""
C108104B-N,"",""
C108105B,"",""
C108105B-N,"",""
C108105C,"",""
C108105C-N,"",""
C108106G,"",""
C108107B,"",""
C108107B-SH,"",""
C108107B01F,"",""
C108107B01R-N,"",""
C108107B02F,"",""
C108107B02R,"",""
C108107BR,"",""
C108107C01F,"",""
C108107C01R-N,"",""
C108107C02F,"",""
C108107C02R,"",""
C108107MB,"",""
C108107MB-SH,"",""
C108108B,"",""
C108109B01,"",""
C108109B02,"",""
C108110B01,"",""
C108110B02,"",""
C108110B03,"",""
C108110B04,"",""
C108110BR01,"",""
C108110BR02,"",""
C108110BR03,"",""
C108110BR04,"",""
C108110MB01,"",""
C108110MB02,"",""
C108110MB03,"",""
C108110MB04,"",""
C108111B01,"",""
C108111B02,"",""
C108111B03,"",""
C108112B01,"",""
C108112B02,"",""
C108112B03,"",""
C108112B04,"",""
C108113MB01,"",""
C108113MB02,"",""
C108114B01,"",""
C108114B02,"",""
C108114B03,"",""
C108114B04,"",""
C108114B05,"",""
C108114B06,"",""
C108114B07,"",""
C108114B08,"",""
C108115B01,"",""
C108115B02,"",""
C108115BR01,"",""
C108115BR02,"",""
C108116B01,"",""
C108116B02,"",""
C108116MZ01,"",""
C108116MZ02,"",""
C108117B01,"",""
C108117B02,"",""
C108117MB01,"",""
C108117MB02,"",""
C108118B01,"",""
C108118MBZ01,"",""
C108119B01,"",""
C108119B01-SH,"",""
C108119B02,"",""
C108120B,"",""
C1081502090F-1,"",""
C1081502090F-11,"",""
C1081502090F-12,"",""
C1081502090F-13,"",""
C1081502090F-14,"",""
C1081502090F-15,"",""
C1081502090F-2,"",""
C1081502090F-3,"",""
C1081502090F-4,"",""
C1081502090F-5,"",""
C1081502090F-6,"",""
C1081502090F-7,"",""
C1081502090F-8,"",""
C1081502090F-9,"",""
C108300MB01-S,"",""
C108300MB02-S,"",""
C108300MB03-S,"",""
C108300MB04,"",""
C108300MB05,"",""
C108300MB06,"",""
C108301MB01-S,"",""
C108302MB02,"",""
C108302MB03,"",""
C108302MB04,"",""
C108302MB05,"",""
C108302MB06,"",""
C108303B01,"",""
C108303B02,"",""
C108303B03,"",""
C108303B04,"",""
C108303B05,"",""
C108303B08,"",""
C108303MB01,"",""
C108303MB02,"",""
C108303MB03,"",""
C108303MB04,"",""
C108303MB05,"",""
C108303MB07,"",""
C108303MB08,"",""
C108304MB02,"",""
C108304MB03,"",""
C108304MB04,"",""
C108304MB05,"",""
C108304MB06,"",""
C108305MB01,"",""
C108305MB02,"",""
C108305MB03,"",""
C108305MB04,"",""
C108305MB05,"",""
C108305MB06,"",""
C108305MB07,"",""
C10830601MB,"",""
C10830602MB,"",""
C10830603MB,"",""
C10830604MB,"",""
C108808MB,"",""
C109103C,"",""
C109105C01-CALI-F,"",""
C109105C01-CALI-R,"",""
C109105C01-R,"",""
C109105C02-CALI-F,"",""
C109105C02-CALI-R,"",""
C109105MB01-CALI-F,"",""
C109105MB01-CALI-R,"",""
C109105MB01-F,"",""
C109105MB01-R,"",""
C109105MB02-CALI-F,"",""
C109105MB02-F,"",""
C109106C,"",""
C109106MB,"",""
C109107C,"",""
C109108B01,"",""
C109108B02,"",""
C109108B03,"",""
C109108B04,"",""
C109108B05,"",""
C109108B06,"",""
C109108C01,"",""
C109108C02,"",""
C109108C03,"",""
C109108C04,"",""
C109108C05,"",""
C109108C06,"",""
C109109G02,"",""
C109109G05,"",""
C109109G06,"",""
C109109MB01,"",""
C109109MB02,"",""
C109109MB03,"",""
C109109MB04,"",""
C109109MB05,"",""
C109109MB06,"",""
C109110B01,"",""
C109110B01-F,"",""
C109110B01-R,"",""
C109110B02,"",""
C109110B02-F,"",""
C109110B02-R,"",""
C109110B04,"",""
C109110B05,"",""
C109110B06,"",""
C109110BB01,"",""
C109110BB02,"",""
C109110BB03,"",""
C109110BB04,"",""
C109110BB05,"",""
C109110BR01,"",""
C109110BR02,"",""
C109110BR03,"",""
C109110BR04,"",""
C109110BR05,"",""
C109110C01,"",""
C109110C01-F,"",""
C109110C01-R,"",""
C109110C02,"",""
C109110C02-F,"",""
C109110C02-R,"",""
C109110C04,"",""
C109110C05,"",""
C109110C06,"",""
C109111B01,"",""
C109111B02,"",""
C109111B04,"",""
C109111B05,"",""
C109111B06,"",""
C109111C02,"",""
C109111C04,"",""
C109111C05,"",""
C109111C06,"",""
C109112B01,"",""
C109112B02,"",""
C109112B04,"",""
C109112B05,"",""
C109112C01,"",""
C109112C02,"",""
C109112C04,"",""
C109112C05,"",""
C109113B01,"",""
C109113B02,"",""
C109113B04,"",""
C109113B05,"",""
C109113B06,"",""
C109113C02,"",""
C109113C04,"",""
C109113C05,"",""
C109113C06,"",""
C109114B01,"",""
C109114B02,"",""
C109114B03,"",""
C109114B04,"",""
C109114B05,"",""
C109114B06,"",""
C109114C01,"",""
C109114C02,"",""
C109114C03,"",""
C109114C04,"",""
C109114C05,"",""
C109114C06,"",""
C109115B01,"",""
C109115B01-F,"",""
C109115B01-R,"",""
C109115B02,"",""
C109115B02-F,"",""
C109115B02-R,"",""
C109115B03,"",""
C109115B04,"",""
C109115B05,"",""
C109115B06,"",""
C109115C01,"",""
C109115C01-F,"",""
C109115C01-R,"",""
C109115C02,"",""
C109115C02-F,"",""
C109115C02-R,"",""
C109115C03,"",""
C109115C04,"",""
C109115C05,"",""
C109115C06,"",""
C109116B01,"",""
C109116B02,"",""
C109116B04,"",""
C109116B05,"",""
C109116B06,"",""
C109116C01,"",""
C109116C02,"",""
C109116C04,"",""
C109116C05,"",""
C109116C06,"",""
C109117B01,"",""
C109117B02,"",""
C109117B04,"",""
C109117B05,"",""
C109117B06,"",""
C109117C01,"",""
C109117C02,"",""
C109117C04,"",""
C109117C05,"",""
C109117C06,"",""
C109118B01,"",""
C109118B02,"",""
C109118C01,"",""
C109118C02,"",""
C109300MB01,"",""
C109300MB01-DL,"",""
C109300MB02-DL,"",""
C109300MB03,"",""
C109300MB03-DL,"",""
C109300MB04,"",""
C109300MB04-DL,"",""
C109300MB05-DL,"",""
C109300MB06-DL,"",""
C109300MB07-DL,"",""
C109301MB03,"",""
C109301MB04,"",""
C109301MB04-DL,"",""
C109301MB05,"",""
C109301MB07,"",""
C109303BR01,"",""
C109303BR02,"",""
C109303BR03,"",""
C109303BR04,"",""
C109303MB01,"",""
C109303MB02,"",""
C109303MB03,"",""
C109303MB04,"",""
C109303MB05,"",""
C109304MB01,"",""
C109304MB02,"",""
C109304MB03,"",""
C109304MB04,"",""
C109304MB05,"",""
C109305C01,"",""
C109305C05,"",""
C109305MB01,"",""
C109305MB02,"",""
C109305MB03,"",""
C109305MB04,"",""
C109305MB05,"",""
C109305MB06,"",""
C109306C01,"",""
C109306MB04,"",""
C109306MB05,"",""
C109306MB07,"",""
C109306MB09,"",""
C109307MB05,"",""
C109307MB07,"",""
C109308MB01,"",""
C109308MB02,"",""
C109308MB03,"",""
C109309MB02,"",""
C109309MB03,"",""
C109309MB04,"",""
C109309MB05,"",""
C109309MB07,"",""
C109309MB09,"",""
C109309RMB01,"",""
C109309RMB02,"",""
C109309RMB03,"",""
C109310MB02,"",""
C109310MB04,"",""
C109310MB05,"",""
C109310MB07,"",""
C109310MB09,"",""
C109310SMB01,"",""
C109310SMB02,"",""
C109311MB02,"",""
C109311MB04,"",""
C109311MB05,"",""
C109311MB07,"",""
C109312MB01,"",""
C109312MB02,"",""
C109312MB03,"",""
C109312MB04,"",""
C109313C04,"",""
C109313C05,"",""
C109313C07,"",""
C109313C10,"",""
C109313MB04,"",""
C109313MB05,"",""
C109313MB07,"",""
C109313MB10,"",""
C109315MB01,"",""
C109315MB02,"",""
C109315MB03,"",""
C109315MB04,"",""
C109316MB01,"",""
C10AT1913B,"",""
C10AT1913C,"",""
C10AT1914B01,"",""
C10AT1914B02,"",""
C10AT1914B04,"",""
C10AT1914B05,"",""
C10AT1914C01,"",""
C10AT1914C02,"",""
C10AT1914C03,"",""
C10AT1914C04,"",""
C10AT1914C05,"",""
C10AT1915B01,"",""
C10AT1915B02,"",""
C10AT1915B03,"",""
C10AT1915B05,"",""
C10AT1915B06,"",""
C10AT1915C01,"",""
C10AT1915C02,"",""
C10AT1915C03,"",""
C10AT1915C05,"",""
C10AT1915C06,"",""
C10AT1916B01,"",""
C10AT1916B02,"",""
C10AT1916B03,"",""
C10AT1916B04,"",""
C10AT1916B05,"",""
C10AT1916B06,"",""
C10AT1917B01,"",""
C10AT1917B02,"",""
C10AT1919B01,"",""
C10AT1919B02,"",""
C10AT1919B03,"",""
C10AT1919B04,"",""
C10AT1919B05,"",""
C10AT1919B06,"",""
C10AT1919R02,"",""
C10AT1919R03,"",""
C10AT1919R05,"",""
C10AT1919R06,"",""
C10C1414CHR,"",""
C10KR183B01,"",""
C10KR183B02,"",""
C10KR183BM01,"",""
C10KR183BM02,"",""
C10KR184B,"",""
C10KR184C,"",""
C10KR185B01,"",""
C10KR185B02,"",""
C10KR185B03,"",""
C10KR185BM01,"",""
C10KR185BM02,"",""
C10KR185BM03,"",""
C10KR185C01,"",""
C10KR185C02,"",""
C10KR185C03,"",""
C10KR190B01,"",""
C10KR190B02,"",""
C10KR190B03,"",""
C10KR190B04,"",""
C10KR190B05,"",""
C10KR191B01,"",""
C10KR191B04,"",""
C10KR192B01,"",""
C10KR192B02,"",""
C10KR193B01,"",""
C10KR193B02,"",""
C10KR193B03,"",""
C10KR193B04,"",""
C10KR194B01,"",""
C10KR194B02,"",""
C10KR194B03,"",""
C10KR194B04,"",""
C10KR195B01,"",""
C10KR195B02,"",""
C10KR195B03,"",""
C10KR195B04,"",""
C10KR195MB01,"",""
C10KR195MB02,"",""
C10KR195MB03,"",""
C10KR197B,"",""
C10PM01B,"",""
C10PM01C,"",""
C10PM02C,"",""
C10PM03C,"",""
C10PM04B,"",""
C10PM04C,"",""
C10PM06C,"",""
C10TS01B01,"",""
C10TS01B02,"",""
C10TS01B03,"",""
C1330,"",""
C1331,"",""
C1332,"",""
C1334,"",""
C7101,"",""
C7102,"",""
C7103B,"",""
C7104,"",""
C7104A,"",""
C7105,"",""
C7106,"",""
C7107,"",""
CAP1214,"",""
CAP1215,"",""
CAP33,"",""
CAP33-1,"",""
CAP33-1B,"",""
CAP33-2,"",""
CAP33-2B,"",""
CAP425,"",""
CAP425-1,"",""
CAP425-1B,"",""
CO202S,"",""
CO203S,"",""
CO204S,"",""
CO206S,"",""
CO211S,"",""
CO212S,"",""
CO213S,"",""
CO218S,"",""
CO302S,"",""
CO402S,"",""
DG-19338,"",""
DG-19338-HDW,"",""
DG-19339,"",""
DG-19339-HDW,"",""
DG-19339-TRI,"",""
DG-19343,"",""
DG-19343-HDW,"",""
DG-19344,"",""
DG-20338,"",""
DG-20339,"",""
DG-20339-HDW,"",""
DG-21339,"",""
DG-2963,"",""
DG-2964,"",""
DG-2966,"",""
DG-3163,"",""
DG-4122,"",""
DG-4200,"",""
DG-4200-HDW,"",""
DG-4201,"",""
DL-BOLT01,"",""
DL-BOLT05,"",""
DL-BOLT06,"",""
DL-HDWR01K24,"",""
DL-HDWR01K24-B,"",""
DL-HDWR01K24-W,"",""
DL-HDWR01K28,"",""
DL-HDWR02K20,"",""
DL-WASHER01,"",""
DL-WASHER02,"",""
DL-WASHER03,"",""
DSF6124-HARDWARE,"",""
EXSELL-033,"",""
FB-19534,"",""
FB-2965,"",""
FB-2965-HDW,"",""
FB-2965-RPTRLGNT,"",""
FB-4500,"",""
FB-4500-DVR,"",""
FB-4500-HDW,"",""
FB-4500-PASS,"",""
FB-4501,"",""
FB-4501-DVR,"",""
FB-4501-PASS,"",""
FB-5100,"",""
FB-5290,"",""
FB-5290-HDW,"",""
FB-5290-HDW-40,"",""
FB-6154,"",""
FB-6154-HDW,"",""
FB-6155,"",""
FB-6155-HDW,"",""
FD-19335,"",""
FD-19336,"",""
FD-19336-HDW,"",""
FD-19337,"",""
FD-19338,"",""
FD-19338-HDW,"",""
FD-19340,"",""
FD-19341,"",""
FD-19342,"",""
FD-19343,"",""
FD-19344,"",""
FD-20338,"",""
FD-20341,"",""
FD-20341-HDW,"",""
FD-20342,"",""
FD-21338,"",""
FD-2962,"",""
FD-2963,"",""
FD-2964,"",""
FD-2965,"",""
FD-2966,"",""
FD-2967,"",""
FD-2968,"",""
FD-3164,"",""
FD-3166,"",""
FD-3166-HDW,"",""
FD-4000,"",""
FD-4122,"",""
FD-4125,"",""
FD-4200,"",""
FD-4200-HDW,"",""
FD-4201,"",""
FD-4201-HDW,"",""
FD-4500,"",""
FD-4500-DVR,"",""
FD-4500-HDW,"",""
FD-4500-PASS,"",""
FJ-19336,"",""
FJ-19336-PLATES,"",""
FJ-2961,"",""
FJ-2961-PLATE,"",""
FJ-4122-RAW,"",""
GM-19335,"",""
GM-19335-FMB,"",""
GM-19336,"",""
GM-19336-FMB,"",""
GM-19336-HDW,"",""
GM-19343,"",""
GM-19344,"",""
GM-19346,"",""
GM-20340,"",""
GM-20341,"",""
GM-20342,"",""
GM-2961,"",""
GM-2966,"",""
GM-3166,"",""
GM-3167,"",""
GM-4127,"",""
GM-4200,"",""
GM-4200-HDW,"",""
GM-4201,"",""
GM-4201-HDW,"",""
GM-4500,"",""
GM-4500-DVR,"",""
GM-4500-HDW,"",""
GM-4500-PASS,"",""
GM-4501,"",""
GM-4501-DVR,"",""
GM-4501-HDW,"",""
GM-4501-PASS,"",""
GM-5966,"",""
HR106-10060-4,"",""
HR106-7450-4,"",""
HR106-7810-4,"",""
HR106-8700-4,"",""
HR106-8770-4,"",""
HR106-9310-4,"",""
HR106-9510-4,"",""
HR108-10060-4,"",""
HR108-1060-4,"",""
HR108-7450-4,"",""
HR108-7803-4,"",""
HR108-7810-4,"",""
HR108-8770-4,"",""
HR108-9530-4,"",""
HR110-10060-4,"",""
HR110-7780-4,"",""
HR125-1167-4,"",""
HR125-1213-4,"",""
HR130-1167-4,"",""
HR130-1213-4,"",""
HR130-1241-4,"",""
HR130-1249-4,"",""
HR60-5406-4,"",""
HR60-5615-4,"",""
HR60-5710-4,"",""
HR65-5406-4,"",""
HR65-5710-4,"",""
HR66-5406-4,"",""
HR66-5710-4,"",""
HR66-5920-4,"",""
HR66-5961-4,"",""
HR66-6336-4,"",""
HR66-6415-4,"",""
HR67-5406-4,"",""
HR67-5410-4,"",""
HR67-5610-4,"",""
HR67-5615-4,"",""
HR67-5710-4,"",""
HR67-5910-4,"",""
HR67-5920-4,"",""
HR67-6006-4,"",""
HR67-6350-4,"",""
HR67-6415-4,"",""
HR69-5406-4,"",""
HR69-5710-4,"",""
HR70-5410-4,"",""
HR70-5615-4,"",""
HR70-5710-4,"",""
HR70-6415-4,"",""
HR70-6706-4,"",""
HR71-5406-4,"",""
HR71-5615-4,"",""
HR71-5710-4,"",""
HR71-6390-4,"",""
HR71-6415-4,"",""
HR71-6706-4,"",""
HR72-5406-4,"",""
HR72-5415-4,"",""
HR72-5615-4,"",""
HR72-5650-4,"",""
HR72-5710-4,"",""
HR72-5920-4,"",""
HR72-5960-4,"",""
HR72-5961-4,"",""
HR72-6006-4,"",""
HR72-6336-4,"",""
HR72-6390-4,"",""
HR72-6415-4,"",""
HR72-6507-4,"",""
HR72-6606-4,"",""
HR72-6636-4,"",""
HR72-6656-4,"",""
HR72-6690-4,"",""
HR72-6710-4,"",""
HR72-6715-4,"",""
HR72-7003-4,"",""
HR72-7010-4,"",""
HR72-7030-4,"",""
HR72-7050-4,"",""
HR72-7150-4,"",""
HR73-5406-4,"",""
HR73-5410-4,"",""
HR73-5607-4,"",""
HR73-5610-4,"",""
HR73-5615-4,"",""
HR73-5710-4,"",""
HR73-5920-4,"",""
HR73-5960-4,"",""
HR73-5961-4,"",""
HR73-6006-4,"",""
HR73-6336-4,"",""
HR73-6350-4,"",""
HR73-6390-4,"",""
HR73-6415-4,"",""
HR73-6507-4,"",""
HR73-6510-4,"",""
HR73-6606-4,"",""
HR73-6656-4,"",""
HR73-6710-4,"",""
HR73-7010-4,"",""
HR73-7030-4,"",""
HR73-7050-4,"",""
HR73-7150-4,"",""
HR74-5406-4,"",""
HR74-5615-4,"",""
HR74-5660-4,"",""
HR74-5710-4,"",""
HR74-5961-4,"",""
HR74-6006-4,"",""
HR74-6336-4,"",""
HR74-6390-4,"",""
HR74-6410-4,"",""
HR74-6415-4,"",""
HR74-6507-4,"",""
HR74-6606-4,"",""
HR74-6656-4,"",""
HR74-6690-4,"",""
HR74-6706-4,"",""
HR74-6710-4,"",""
HR74-6960-4,"",""
HR74-7010-4,"",""
HR74-7030-4,"",""
HR74-7070-4,"",""
HR74-7150-4,"",""
HR74-7256-4,"",""
HR75-5710-4,"",""
HR76-5710-4,"",""
HR76-6006-4,"",""
HR76-6656-4,"",""
HR78-6690-4,"",""
HR78-7060-4,"",""
HR78-7150-4,"",""
HR78-7256-4,"",""
HR78-7450-4,"",""
HR82-7030-4,"",""
HR83-6710-4,"",""
HR83-7030-4,"",""
HR83-7050-4,"",""
HR83-7150-4,"",""
HR83-7803-4,"",""
HR8382-6710-4,"",""
HR8382-7262-4,"",""
HR87-6606-4,"",""
HR87-7150-4,"",""
HR87-7256-4,"",""
HR87-7710-4,"",""
HR87-7803-4,"",""
HS12-725605-2,"",""
HS12-725610-2,"",""
HS12-725615-2,"",""
HS12-741005-2,"",""
HS12-741010-2,"",""
HS12-741015-2,"",""
HS45-665605-2,"",""
HS45-665610-2,"",""
HS45-665615-2,"",""
HS58-571005-2,"",""
HS58-571010-2,"",""
HS58-571015-2,"",""
I-1000F-BLK,"",""
I-1000R-BLK,"",""
IB-1000F,"",""
IB-1000R,"",""
IB-2000,"",""
IB-2002,"",""
IB-T01,"",""
IB02-22810BI,"",""
IB02-22810MR,"",""
IB02-24810MF,"",""
JK-19531,"",""
JK-19531-HOOP,"",""
JK-19532,"",""
JK-19532-HOOP,"",""
JK-2395,"",""
JK-2965,"",""
JK-2966,"",""
JK-4122,"",""
JK-4123,"",""
JK-4123-RAW,"",""
JK-4125,"",""
JK-5120,"",""
JK-5123,"",""
JK-5290,"",""
JK-5290-PIN,"",""
JK-6121,"",""
JK-6124-BDMNT,"",""
JK-6124-PRFB,"",""
JK-6126,"",""
JK-6129,"",""
JK-6139,"",""
JK-6139-DFKIT,"",""
JK-6139-DSLP,"",""
JK-6139-DSUP,"",""
JK-6139-LPDS,"",""
JK-6139-LPPS,"",""
JK-6139-PSLP,"",""
JK-6139-PSUP,"",""
JK-6139-WEB,"",""
JK-6140,"",""
JK-6140-DFKIT,"",""
JK-6140-WEB,"",""
JK-6154,"",""
JK-6154-DSLP,"",""
JK-6154-DSUP,"",""
JK-6154-PSLP,"",""
JK-6154-PSUP,"",""
JK-6155,"",""
JK-7100,"",""
JK-7101,"",""
JK-7102,"",""
JK-711,"",""
JK-712,"",""
JK-713,"",""
JK-7135-HDWR,"",""
JK-FBMP-KIT,"",""
JK-RACK-HDWR,"",""
JK-RBMP-KIT,"",""
JK-STEP-HDWR-KIT,"",""
JL-19532,"",""
JL-19534,"",""
JL-2965,"",""
JL-2965-HDW,"",""
JL-2966,"",""
JL-4121,"",""
JL-5123,"",""
JL-5124,"",""
JL-5124-HDW,"",""
JL-5125,"",""
JL-5125-HDW,"",""
JL-5290,"",""
JL-6100,"",""
JL-6101,"",""
JL-6102,"",""
JL-6102-HDW,"",""
JL-6102-LIGHT,"",""
JL-6103,"",""
JL-6103-HDW,"",""
JL-6121,"",""
JL-6149,"",""
JL-6149-DSLP,"",""
JL-6149-DSUP,"",""
JL-6149-HDW,"",""
JL-6149-LPPS,"",""
JL-6149-PSLP,"",""
JL-6149-PSUP,"",""
JL-6150,"",""
JL-6150-HDW,"",""
JL-6154,"",""
JL-6154-DSLP,"",""
JL-6154-DSUP,"",""
JL-6154-HDW,"",""
JL-6154-LPDS,"",""
JL-6154-LPPS,"",""
JL-6154-PSLP,"",""
JL-6154-PSUP,"",""
JL-6155,"",""
JL-6155-HDW,"",""
JL-6155-LPDS,"",""
JL-6155-LPPS,"",""
JP-19535,"",""
JP-19536,"",""
JP-19537,"",""
JP-DOORBUMPS,"",""
JP-DOORSTOPS,"",""
JP-SPINDLE,"",""
JT-2965,"",""
JT-4121,"",""
JT-5100,"",""
JT-5101,"",""
JT-6101,"",""
JT-6103,"",""
JT-7125,"",""
JT-7126,"",""
KR184-22818C38,"",""
KR184-2816BM38,"",""
KR185-22818B38,"",""
KR185-2814BM38,"",""
KR185-8814BM40,"",""
KR185-8814C40,"",""
KR190-2845GB38,"",""
KR190-2864GB38,"",""
KR190-8864GB40,"",""
KR190-8865GB40,"",""
KR191-22845BM38,"",""
KR191-2831BM38,"",""
KR191-8845BM40,"",""
KR193-7831GB38,"",""
KR196-2931GB35,"",""
KR196-2945GB35-BALL,"",""
KR196-8831GB35,"",""
KR196-8845GB30-BALL,"",""
KR196-8845GB40-BALL,"",""
KR196-8865GB60,"",""
KR196-8865GB64,"",""
KR196-8865GB67,"",""
KR196-9831GB35,"",""
KR196-9845GB30-BALL,"",""
KR196-9845GB40-BALL,"",""
KR196-9865GB64,"",""
KR197-2909BM35,"",""
KR197-2909GB35,"",""
KR197-2914BM35,"",""
KR197-2914GB35,"",""
KR197-7814BM35,"",""
KR197-7814GB35,"",""
KR197-8809BM30,"",""
KR197-8809GB30,"",""
KR197-8814BM35,"",""
KR197-8814GB35,"",""
KR197-9809BM30,"",""
KR197-9809GB30,"",""
KR197-9814BM35,"",""
KR197-9814GB35,"",""
KR198-2909GB35,"",""
KR198-2914GB35,"",""
KR198-7803GB35,"",""
KR198-7809GB35,"",""
KR198-7814GB35,"",""
KR198-8809GB35,"",""
KR198-8814GB35,"",""
KR198-9809GB30,"",""
KR198-9814GB35,"",""
M-1002F,"",""
M-1002F-BLK,"",""
M-1002R,"",""
M-1002R-BLK,"",""
M-1003F,"",""
M-1003F-BLK,"",""
M-1003F-MBLK,"",""
M-1003R,"",""
M-1003R-BLK,"",""
M-1003R-MBLK,"",""
M1739SKT,"",""
M20730-BK-01REV00,"",""
MKT-AMPCUP2201,"",""
MKT-AMPPOP2402,"",""
MKT-BACUP2201,"",""
MKT-DLRWCUP2201,"",""
MKT-MAYCUP2201,"",""
MX-51,"",""
MX-51OBD,"",""
MX-61,"",""
MX001R,"",""
MX002A,"",""
MX002R,"",""
MX005A,"",""
MX005A_20PCS,"",""
MX005R,"",""
MX005R_20PCS,"",""
MX41,"",""
MX46,"",""
MX46KEY01,"",""
MXBLE02,"",""
MXBSP001,"",""
MXCABLE-OBD,"",""
MXSA001,"",""
MXSA002,"",""
MXSR001,"",""
MXSR002,"",""
MXSTEM-A,"",""
MXSTEM-A-BLK,"",""
MXSTEM-R,"",""
MXSTEM-R-BLK,"",""
RHI501KEY,"",""
RHI640KEY,"",""
RHI650KEY,"",""
RWA03-3636-F125,"",""
RWA03-3636-F150,"",""
RWA03-6573-J150,"",""
RWA03-7373-J125,"",""
RWA03-7373-J150,"",""
RWA03-7373-JL,"",""
RWA03-8383-G125,"",""
RWA03-8383-G150,"",""
RWA03-8383-T125,"",""
SP-ANX-BAG-CS,"",""
SP-ANX-ELT-FLR2M,"",""
SP-ANX-POLE-CS,"",""
SP-ANX-POLE-CS2,"",""
SP-ANX-POLE-FEET-CS,"",""
SP-ANX-RAN-FLR1.4M,"",""
SP-ANX-RM-RL,"",""
SP-ANX-RS-ELT,"",""
SP-ANX-RS-RAN-DLT,"",""
SP-AWN-ARM-4.5,"",""
SP-AWN-ARM-6.5,"",""
SP-AWN-FAB-4.5,"",""
SP-AWN-HW,"",""
SP-AWN-L-BRKT,"",""
SP-AWN-LEG-4.5,"",""
SP-AWN-LEG-6.5,"",""
SP-BUNGEE-CS,"",""
SP-BUNGEE-CS2,"",""
SP-CINCH-STRAP,"",""
SP-CS-ACORN-NUT,"",""
SP-CS-GLUE,"",""
SP-DC-STR-ELT,"",""
SP-DC-STR-RAN-65,"",""
SP-DC-STR-RAN-DLT,"",""
SP-DC-STR-TH,"",""
SP-DC-ZIP-ELT,"",""
SP-DC-ZIP-RAN-65,"",""
SP-DC-ZIP-RAN-DLT,"",""
SP-GAS-STRUT-CS,"",""
SP-GAS-STRUT-CS2,"",""
SP-GAS-STRUT-STLTH,"",""
SP-HALO-BASE,"",""
SP-LDR-BUCKLE,"",""
SP-LDR-MAIN-ELT,"",""
SP-LDR-PAD,"",""
SP-LDR-PIVOT-HW,"",""
SP-RMT-LED-CS-D,"",""
SP-RTT-CS-EDGE,"",""
SP-RTT-CS-LGT-OUT,"",""
SP-RTT-CS-MAT-7CM,"",""
SP-RTT-CS2-EDGE,"",""
SP-RTT-CS2-MAT-6CM,"",""
SP-RTT-CSSHELL-BK,"",""
SP-RTT-CSSHELL-BK-G1,"",""
SP-RTT-CSSHELL-GR,"",""
SP-RTT-CSSHELL-GR-G1,"",""
SP-RTT-CSSHELL2-BK,"",""
SP-RTT-FAB-CS,"",""
SP-RTT-FAB-CS2,"",""
SP-RTT-FAB-DLT,"",""
SP-RTT-FAB-ELT,"",""
SP-RTT-FAB-RAN,"",""
SP-RTT-FAB-TH,"",""
SP-RTT-HANDSTRAP,"",""
SP-RTT-HINGE-6.5CM,"",""
SP-RTT-HINGE-SET,"",""
SP-RTT-MAT-COV-TH,"",""
SP-RTT-MP-2.75,"",""
SP-RTT-MP-3.5,"",""
SP-RTT-RL-10MM,"",""
SP-RTT-RL-CS,"",""
SP-RTT-RL-CS2,"",""
SP-RTT-RL-DLT,"",""
SP-RTT-RL-ELT,"",""
SP-RTT-RL-RAN-65,"",""
SP-RTT-RL-RAN-DLT,"",""
SP-RTT-RL-TH,"",""
SP-RTT-RVT-16MM,"",""
SP-RTT-SLVNUT-DRE,"",""
SP-RTT-SLVNUT-TH,"",""
SP-RTT-STRAP-CS,"",""
SP-RTT-STRAPBKL-TH,"",""
SP-RTT-WIN-AWN-CS,"",""
SP-RTT-WIN-AWN-CS2,"",""
SP-RTT-WIN-ROD,"",""
SP-RTT-WIN-ROD-CS,"",""
SP-RTT-ZIP-STRP-CSG1,"",""
SP-SEC-BLT-10MMX1.25BLOOP,"",""
SP-SHOWER-TENT-STALL,"",""
SP-SOL-HALO-LIGHTPOD,"",""
SP-SOL-TITN-LIGHTPOD,"",""
SP-TENT-STAKE,"",""
SP-TITAN-BASE,"",""
SP-TITAN-CASE,"",""
SP-UBAR-EXT-1.4,"",""
SP-UBAR-EXT-2,"",""
SP-ZIP-CS-SHELL,"",""
SP-ZIP-HEAD,"",""
SP-ZIP-LWR-TH,"",""
SP-ZIP-PULLS-CS,"",""
SU-19339,"",""
SU-19339-BB,"",""
SU-19340,"",""
SU-4124,"",""
SU-4125,"",""
TC-19335-FOG,"",""
TC-19335-HDWR,"",""
TC-19336,"",""
TC-19336-PLATES,"",""
TC-19337,"",""
TC-19337-HDW,"",""
TC-19338,"",""
TC-19338-HDW,"",""
TC-19339,"",""
TC-19339-BP,"",""
TC-19339-HDW,"",""
TC-19339-LB,"",""
TC-19339W,"",""
TC-19340,"",""
TC-19340-HDW,"",""
TC-19341,"",""
TC-19342,"",""
TC-19342W,"",""
TC-2961,"",""
TC-2961-HDWR,"",""
TC-2961-PLATES,"",""
TC-2962,"",""
TC-2962-HDWR,"",""
TC-2963,"",""
TC-2963-HDW,"",""
TC-2964,"",""
TC-2964-HDW,"",""
TC-2966,"",""
TC-2966-HDW,"",""
TC-2966-LATCH,"",""
TC-2966DS,"",""
TC-2966DS-HDW,"",""
TC-2966PS,"",""
TC-2966PS-HDW,"",""
TC-2967,"",""
TC-4121-HDWR,"",""
TC-4121-RAW,"",""
TC-4123,"",""
TC-4124,"",""
TC-4124-HDW,"",""
TC-4125,"",""
TC-4126,"",""
TC-4127,"",""
TC-5293,"",""
TC-5293-PLATES,"",""
TC-5293-TCHDW,"",""
TC-5293-TCP,"",""
TC-6125,"",""
TC-6125-DFEA,"",""
TC-6125-DREA,"",""
TC-6125-DSMB,"",""
TC-6125-FCBA,"",""
TC-6125-PFEA,"",""
TC-6125-PREA,"",""
TC-6125-PSMB,"",""
TC-6125-SBA,"",""
TC-6126,"",""
TC-7125,"",""
TC-7126,"",""
TC-7136-HDWR,"",""
TD-HARDWARE,"",""
TD-LATCH-KIT,"",""
TD-LTCH-KIT,"",""
TD-STRAP,"",""
TJ-19531,"",""
TJ-19531-HDWR,"",""
TJ-19531-HOOP,"",""
TJ-2994-HDWR,"",""
TJ-4121,"",""
TJ-5321,"",""
TJ-6137,"",""
TJ-6137-DSLP,"",""
TJ-6137-DSUP,"",""
TJ-6137-LPDS,"",""
TJ-6137-LPPS,"",""
TJ-6137-PSLP,"",""
TJ-6137-PSUP,"",""
TJ-6137-WEB,"",""
TK-6125,"",""
TK-6125-CRSBAR,"",""
TK-6125-DFEA,"",""
TK-6125-DREA,"",""
TK-6125-HDW,"",""
TK-6125-PFEA,"",""
TK-6125-PREA,"",""
TK-6125-SBA,"",""
TK-6126,"",""
TK-6126-CRSBAR,"",""
TK-6126-HDW,"",""
TK-6126-SBA,"",""
TK-6127,"",""
TK-6128,"",""
TK-CRSBRAEND,"",""
TK-LMNTBRKT,"",""
TK-THRNUTPLT,"",""
TK-THRTNUT,"",""
TK640,"",""
TK650,"",""
TK805,"",""
TK806,"",""
TK816,"",""
TN-19335,"",""
TN-19335-PLATES,"",""
TN-19336,"",""
TN-19339,"",""
TN-19339-HDW,"",""
TN-19340,"",""
TN-2961-HDWR,"",""
TN-2961-PLATES,"",""
TN-2962,"",""
TN-4121,"",""
TN-4121-HDWR,"",""
TN-4121-RAW,"",""
TN-4122,"",""
TN-4500,"",""
TN-4500-HDW,"",""
TN-4500-PASS,"",""
TPMS412,"",""
TPMS504,"",""
TR-19339,"",""
TR-19339-BB,"",""
TR-19339-HDW,"",""
TR-19339W,"",""
TR-2965,"",""
TR-2965-HDW,"",""
TR-2965DS,"",""
TR-2965DS-HDW,"",""
TR-2965PS,"",""
TR-2965PS-HDW,"",""
TR-4124,"",""
TR-4124-HDW,"",""
TR-4125,"",""
TR-4500,"",""
TR-4500-HDW,"",""
TS-1-1800BLK,"",""
TS-1-1900BLK,"",""
TS-1-3102OLV,"",""
TS-2-2002FIT,"",""
TS-2-2003FIT,"",""
TS-4-1000,"",""
TS-4-1001,"",""
TS-7-1000,"",""
TS-7-1000-1,"",""
TS-7-1000-2,"",""
TS-7-1000-3,"",""
TS-8-1100,"",""
TS-8-1101,"",""
TS-9-1000-01,"",""
TS-9-1000-02,"",""
TS-9-1000-03,"",""
TS-9-1000-04,"",""
TS-9-1000-05,"",""
TS-9-1000-06,"",""
TS-9-1000-07,"",""
TS-9-1000-08,"",""
TS-9-1000-10,"",""
TS-9-1000-11,"",""
TS-9-1000-12,"",""
TS-9-1000-13,"",""
TS-9-1000-15,"",""
TS-9-1000-22,"",""
TS-9-1000-36,"",""
TS-9-1000-37,"",""
TS-9-1000-39,"",""
TS-9-1000-40,"",""
TS-9-1000-41,"",""
TS-9-1000-42,"",""
TS-9-1000-46,"",""
TS-9-1000-48,"",""
TS-9-1800-20,"",""
TS-9-1800-21,"",""
TS-9-1800-26,"",""
TS-9-1800-27,"",""
TS-9-1800-28,"",""
TS-9-1800-47,"",""
TS-9-1900-21,"",""
TS-9-1900-26,"",""
TS-9-1900-27,"",""
TS-9-1900-28,"",""
TS-9-1900-47,"",""
TS-9-2000-02,"",""
TS-9-2000-03,"",""
TS-9-2000-04,"",""
TS-9-2000-05,"",""
TS-9-2000-08,"",""
TS-9-2000-09,"",""
TS-9-2000-11,"",""
TS-9-2000-13,"",""
TS-9-2000-14,"",""
TS-9-2000-15,"",""
TS-9-2000-16,"",""
TS-9-2000-30,"",""
TS-9-2000-35,"",""
TS-9-2000-36,"",""
TS-9-2000-41,"",""
TS-9-2000-43,"",""
TS-9-2000-45,"",""
TS-9-2000-46,"",""
TS-9-2000-51,"",""
TS-9-2100-01,"",""
TS-9-2100-19,"",""
TS-9-2100-20,"",""
TS-9-2100-21,"",""
TS-9-2100-23,"",""
TS-9-2100-26,"",""
TS-9-2100-29,"",""
TS-9-2100-31,"",""
TS-9-2100-33,"",""
TS-9-2100-37,"",""
TS-9-2100-38,"",""
TS-9-2100-44,"",""
TS-9-2202-01,"",""
TS-9-2202-19,"",""
TS-9-2202-20,"",""
TS-9-2202-21,"",""
TS-9-2202-23,"",""
TS-9-2202-26,"",""
TS-9-2202-29,"",""
TS-9-2202-31,"",""
TS-9-2202-33,"",""
TS-9-2202-37,"",""
TS-9-2202-38,"",""
TS-9-2202-44,"",""
TS-9-4200-02,"",""
TS-9-4200-06,"",""
TS-9-4200-07,"",""
TS-9-4200-10,"",""
TS-9-4300-02,"",""
TS-ACM-CS,"",""
TS-ACM-CS2,"",""
TS-ACM-ELT,"",""
TS-ACM-RAN-65,"",""
TS-ACM-TH-RAN-DLT,"",""
TS-ANX-CS-STLTH,"",""
TS-ANX-CS2,"",""
TS-ANX-DLT-TH,"",""
TS-ANX-ELT,"",""
TS-ANX-RAN,"",""
TS-ANX-RAN-65,"",""
TS-AWN-180-CMPT-MHW,"",""
TS-AWN-180-XL,"",""
TS-AWN-270-4D,"",""
TS-AWN-270-4D-KIT,"",""
TS-AWN-270-4P,"",""
TS-AWN-270-CMPT-MHW,"",""
TS-AWN-270-XL-D,"",""
TS-AWN-270-XL-P,"",""
TS-AWN-ALPINE-AWNBRKT,"",""
TS-AWN-ARM-HD,"",""
TS-AWN-CSR-280G,"",""
TS-AWN-RT-4.5,"",""
TS-AWN-RT-6.5,"",""
TS-AWN-SW-270-1,"",""
TS-AWN-SW-270-2,"",""
TS-AWN-SW-270-XL-D-1,"",""
TS-AWN-SW-270-XL-D-2,"",""
TS-AWN-SW-270-XL-P-1,"",""
TS-AWN-SW-270-XL-P-2,"",""
TS-AWN-SW-4.5,"",""
TS-AWN-SW-6.5,"",""
TS-AWN-XL-MHW,"",""
TS-FRIDGE-52L-SLIDE,"",""
TS-HOL-STOCKING,"",""
TS-LDR-COV-CS,"",""
TS-LDR-EXT-ELT,"",""
TS-LDR-EXT-RAN-65,"",""
TS-LDR-EXT-RAN-DLT,"",""
TS-LDR-MAIN-CS-CS2,"",""
TS-LDR-MAIN-RAN-DLT,"",""
TS-LDR-TELE-2.3M,"",""
TS-LDR-TELE-2.6M,"",""
TS-LED-TL-USB-AW,"",""
TS-RFLY-CS,"",""
TS-RFLY-CS-G1,"",""
TS-RFLY-CS2,"",""
TS-RFLY-CS2-G1,"",""
TS-RFLY-DLT,"",""
TS-RFLY-ELT,"",""
TS-RFLY-RAN,"",""
TS-RFLY-RAN-65,"",""
TS-RFLY-TH,"",""
TS-RMT-LED-CS-S,"",""
TS-RTT-ANX-ELT,"",""
TS-RTT-BUNGEE-30,"",""
TS-RTT-BUNGEE-43,"",""
TS-RTT-CS-BK,"",""
TS-RTT-CS-GR,"",""
TS-RTT-CS-LOCK,"",""
TS-RTT-CS-LOCK-G2,"",""
TS-RTT-CS-MHW-BKT3.25,"",""
TS-RTT-CS-MHW-BLT2.25,"",""
TS-RTT-CS-MHW-BLT3,"",""
TS-RTT-CS-MHW-HHBLT2.25,"",""
TS-RTT-CS-MHW-HK,"",""
TS-RTT-CS-MHW-KIT,"",""
TS-RTT-CS-MHW-KIT-FULL,"",""
TS-RTT-CS-MHW-KIT-FULL-G1,"",""
TS-RTT-CS-MHW-KIT-G1,"",""
TS-RTT-CS-RAIL-CAP,"",""
TS-RTT-CS2-BK,"",""
TS-RTT-CS2-MHW-KIT-FULL,"",""
TS-RTT-CS2-MHW-KIT-FULLG1,"",""
TS-RTT-DC-BK-ELT,"",""
TS-RTT-DC-BK-RAN-65,"",""
TS-RTT-DC-BK-RAN-DLT,"",""
TS-RTT-DC-BK-TH,"",""
TS-RTT-EWC-ELT,"",""
TS-RTT-EWC-RAN,"",""
TS-RTT-EWC-RAN-65,"",""
TS-RTT-EWC-TH-DLT,"",""
TS-RTT-KEY-CS,"",""
TS-RTT-KEY-CS-G2,"",""
TS-RTT-LNR-CS,"",""
TS-RTT-LNR-CS2,"",""
TS-RTT-MAT-COV-RAN,"",""
TS-RTT-MATTRESS-RAN,"",""
TS-RTT-MHW-BKT3.25,"",""
TS-RTT-MHW-KIT,"",""
TS-RTT-RAIL-CAP,"",""
TS-RTT-RAN-65,"",""
TS-RTT-SLD-WB,"",""
TS-RTT-STLTH,"",""
TS-RTT-TRAILHEAD,"",""
TS-SBAG-ANX-DLT,"",""
TS-SBAG-ANX-RAN,"",""
TS-SBAG-CS,"",""
TS-SBAG-DUF-D,"",""
TS-SBAG-SHOE,"",""
TS-SBAG-SHOE-CS,"",""
TS-SEC-BLT-10MM,"",""
TS-SEC-BLT-6MM,"",""
TS-SEC-BLT-8MM,"",""
TS-SHOWER-TENT,"",""
TS-SOL-USB-CBL,"",""
TS-TDFL,"",""
TS-TOILET-5,"",""
TS-TOILET-TENT,"",""
TS-TRK,"",""
TS-UBR-PDR-40,"",""
TS-UBR-PDR-51,"",""
TS-UBR-PDR-PP-40,"",""
TS-UBR-PDR-PP-51,"",""
TS-UBR-TN,"",""
TS01-7832AG,"",""
TS01-7832GB,"",""
TS01-7836AG,"",""
TS01-7836GB,"",""
TS01-7873AG,"",""
TS01-7873GB,"",""
TS01-7883AG,"",""
TW-5003,"",""
TY-2966,"",""
UBOLT-REPL,"",""
UW620,"",""
UW630,"",""
UW660,"",""
UW690,"",""
W-001,"",""
W-002,"",""
W-003,"",""
W-004,"",""
WA01-3535,"",""
WA01-3573,"",""
WA01-3683,"",""
WA01-6161,"",""
WA01-6165,"",""
WA01-6173,"",""
WA01-6561,"",""
WA01-6565,"",""
WA01-6573,"",""
WA01-7335,"",""
WA01-7361,"",""
WA01-7365,"",""
WA01-7373,"",""
WA01-8170,"",""
WA01-8200,"",""
WA01-8210,"",""
WA01-8336A,"",""
WA01-8336B,"",""
WA01-8383A,"",""
WA01-8383B,"",""
WA01-8535,"",""
WA01-8585,"",""
WA01-8650,"",""
WA01-8650A,"",""
WA01-8683,"",""
WA02-1010F,"",""
WA02-1010F-ST,"",""
WA02-1010R,"",""
WA02-1010R-ST,"",""
WA02-8170F,"",""
WA02-8170R,"",""
WA02-8200F,"",""
WA02-8200F-ST,"",""
WA02-8200R,"",""
WA02-8200R-ST,"",""
WA02-8210F,"",""
WA02-8210F-ST,"",""
WA02-8210R,"",""
WA02-8210R-ST,"",""
WA02-8650F116,"",""
WA02-8650F121,"",""
WA02-8650F124,"",""
WA02-8650R116,"",""
WA02-8650R121,"",""
WA02-8650R124,"",""
WR-101B,"",""
WR-200B,"",""
WR-200C,"",""
WR-240B,"",""
WR-240C,"",""
WR-243B,"",""
WR-243C,"",""
WR-263B,"",""
WR-WRAPCALI20-1,"",""
WR-WRAPCALI24-1,"",""
WR-WRAPDL20-1,"",""
WR-WRAPMAY20-1,"",""
WR-WRAPMAY24-1,"",""
WR-WRAPRID20-1,"",""
WR-WRAPRID24-1,"",""
WR-WRAPTRN20-1,"",""
WR-WRAPTRN24-1,"",""
WS160,"",""
WS313U,"",""
WS316C,"",""
WS316F8-4N,"",""
WS316F88U,"",""
WS316S6,"",""
WS317D8-4,"",""
WS317F8-4,"",""
WS319C10,"",""
WS319F10-4,"",""
WS319F8-4,"",""
WU-4121,"",""
WW-025BS,"",""
WW-025S,"",""
WW-050BS,"",""
WW-050S,"",""
WW-100BS,"",""
WW-100S,"",""
