-BKT,"",""
-FALKEN,"",""
28840215-FALKEN,"",""
28844030-FALKEN,"",""
28847197-FALKEN,"",""
-OHTSU,"",""
-MICHELIN,"",""
-MILESTAR,"",""
90000000947-MICKEY THOMPSON TIRE,"",""
90000001568-MICKEY THOMPSON TIRE,"",""
90000029611-MICKEY THOMPSON TIRE,"",""
90000099256-MICKEY THOMPSON TIRE,"",""
90000100482-MICKEY THOMPSON TIRE,"",""
90000100483-MICKEY THOMPSON TIRE,"",""
222-770-NITTO,"",""
261000-NITTO,"",""
-FUEL TIRES,"",""
RFNT23565R17W-FUEL TIRES,"",""
-TOYO,"",""
237150-TOYO,"",""
244720-TOYO,"",""
245290-TOYO,"",""
357200-TOYO,"",""
358040-TOYO,"",""
358080-TOYO,"",""
358090-TOYO,"",""
358120-TOYO,"",""
358130-TOYO,"",""
358140-TOYO,"",""
358150-TOYO,"",""
358200-TOYO,"",""
358210-TOYO,"",""
358230-TOYO,"",""
358290-TOYO,"",""
358310-TOYO,"",""
358330-TOYO,"",""
358340-TOYO,"",""
358370-TOYO,"",""
358410-TOYO,"",""
358420-TOYO,"",""
358430-TOYO,"",""
358440-TOYO,"",""
358450-TOYO,"",""
358470-TOYO,"",""
358490-TOYO,"",""
358510-TOYO,"",""
358520-TOYO,"",""
358550-TOYO,"",""
FA-824-EFX,"",""
90000000943-MICKEY THOMPSON TIRE,"",""
FA-811-EFX,"",""
FA-812-EFX,"",""
FA-827-EFX,"",""
250939-MICKEY THOMPSON TIRE,"",""
250940-MICKEY THOMPSON TIRE,"",""
FA-821-EFX,"",""
104530-TOYO,"",""
FA-826-EFX,"",""
103180-TOYO,"",""
28291451-FALKEN,"",""
59000730-FALKEN,"",""
FA-825-EFX,"",""
FA-828-EFX,"",""
FA-829-EFX,"",""
FA-830-EFX,"",""
FA-831-EFX,"",""
24000083-MILESTAR,"",""
24160016-MILESTAR,"",""
24216016-MILESTAR,"",""
90000093231-MICKEY THOMPSON TIRE,"",""
90000000818-MICKEY THOMPSON TIRE,"",""
103190-TOYO,"",""
103200-TOYO,"",""
236700-TOYO,"",""
255150-TOYO,"",""
255500-TOYO,"",""
28072-UNIROYAL,"",""
35584-UNIROYAL,"",""
35705-UNIROYAL,"",""
36038-UNIROYAL,"",""
28294442-FALKEN,"",""
28294443-FALKEN,"",""
28391331-FALKEN,"",""
28392937-FALKEN,"",""
28533443-FALKEN,"",""
FA-806-EFX,"",""
FA-817-EFX,"",""
23616001-MILESTAR,"",""
24515041-MILESTAR,"",""
24616016-MILESTAR,"",""
104740-TOYO,"",""
133310-TOYO,"",""
147040-TOYO,"",""
148310-TOYO,"",""
243450-TOYO,"",""
255350-TOYO,"",""
255390-TOYO,"",""
255430-TOYO,"",""
08059-UNIROYAL,"",""
32461-UNIROYAL,"",""
37647-UNIROYAL,"",""
74854-UNIROYAL,"",""
87370-BF GOODRICH,"",""
28105834-FALKEN,"",""
28291483-FALKEN,"",""
28294473-FALKEN,"",""
28294475-FALKEN,"",""
28391287-FALKEN,"",""
28391310-FALKEN,"",""
28391611-FALKEN,"",""
28391962-FALKEN,"",""
28392801-FALKEN,"",""
28392863-FALKEN,"",""
59000370-FALKEN,"",""
24000084-MILESTAR,"",""
24055007-MILESTAR,"",""
24235015-MILESTAR,"",""
24275014-MILESTAR,"",""
24460050-MILESTAR,"",""
24525043-MILESTAR,"",""
24635043-MILESTAR,"",""
24700003-MILESTAR,"",""
24975028-MILESTAR,"",""
24975029-MILESTAR,"",""
MF-24-10-12-EFX,"",""
MF-24-8-12-EFX,"",""
MF-25-10-12-EFX,"",""
40334-MICHELIN,"",""
90000028340-MICKEY THOMPSON TIRE,"",""
250861-MICKEY THOMPSON TIRE,"",""
90000001310-MICKEY THOMPSON TIRE,"",""
90000024650-MICKEY THOMPSON TIRE,"",""
255648-MICKEY THOMPSON TIRE,"",""
-NITTO,"",""
104540-TOYO,"",""
104660-TOYO,"",""
136860-TOYO,"",""
148330-TOYO,"",""
148350-TOYO,"",""
154620-TOYO,"",""
196350-TOYO,"",""
223040-TOYO,"",""
223070-TOYO,"",""
223130-TOYO,"",""
223180-TOYO,"",""
223240-TOYO,"",""
223340-TOYO,"",""
239110-TOYO,"",""
243460-TOYO,"",""
243520-TOYO,"",""
243530-TOYO,"",""
243640-TOYO,"",""
255250-TOYO,"",""
255370-TOYO,"",""
255400-TOYO,"",""
255420-TOYO,"",""
255490-TOYO,"",""
255540-TOYO,"",""
01571-UNIROYAL,"",""
03330-UNIROYAL,"",""
03525-UNIROYAL,"",""
04910-UNIROYAL,"",""
86961-UNIROYAL,"",""
87449-BF GOODRICH,"",""
28105136-FALKEN,"",""
28105275-FALKEN,"",""
28105302-FALKEN,"",""
28105384-FALKEN,"",""
28105643-FALKEN,"",""
28294543-FALKEN,"",""
28391622-FALKEN,"",""
28391820-FALKEN,"",""
28391864-FALKEN,"",""
28392233-FALKEN,"",""
28392234-FALKEN,"",""
28392286-FALKEN,"",""
28392435-FALKEN,"",""
28392504-FALKEN,"",""
28392726-FALKEN,"",""
28392728-FALKEN,"",""
28392832-FALKEN,"",""
28392907-FALKEN,"",""
28392996-FALKEN,"",""
59000110-FALKEN,"",""
23540001-MILESTAR,"",""
24000030-MILESTAR,"",""
24000038-MILESTAR,"",""
24000039-MILESTAR,"",""
24000045-MILESTAR,"",""
24000046-MILESTAR,"",""
24000054-MILESTAR,"",""
24000055-MILESTAR,"",""
24000079-MILESTAR,"",""
24000080-MILESTAR,"",""
24000081-MILESTAR,"",""
24045015-MILESTAR,"",""
24054009-MILESTAR,"",""
24077031-MILESTAR,"",""
24077033-MILESTAR,"",""
24077034-MILESTAR,"",""
24080028-MILESTAR,"",""
24080030-MILESTAR,"",""
24082023-MILESTAR,"",""
24082024-MILESTAR,"",""
24082025-MILESTAR,"",""
24228012-MILESTAR,"",""
24244002-MILESTAR,"",""
24385018-MILESTAR,"",""
24385103-MILESTAR,"",""
24385106-MILESTAR,"",""
24390156-MILESTAR,"",""
24395022-MILESTAR,"",""
24395023-MILESTAR,"",""
24460052-MILESTAR,"",""
24530052-MILESTAR,"",""
24556030-MILESTAR,"",""
24645025-MILESTAR,"",""
24653028-MILESTAR,"",""
24653030-MILESTAR,"",""
24653033-MILESTAR,"",""
24715005-MILESTAR,"",""
24720005-MILESTAR,"",""
24977040-MILESTAR,"",""
24977042-MILESTAR,"",""
24977043-MILESTAR,"",""
24980027-MILESTAR,"",""
24980029-MILESTAR,"",""
24990015-MILESTAR,"",""
24990017-MILESTAR,"",""
24990018-MILESTAR,"",""
TM00090100-MAXXIS,"",""
TM00091100-MAXXIS,"",""
TM00119800-MAXXIS,"",""
TM00119900-MAXXIS,"",""
TM00296600-MAXXIS,"",""
TM00296900-MAXXIS,"",""
TM00418100-MAXXIS,"",""
TM00420100-MAXXIS,"",""
TM00440100-MAXXIS,"",""
TM00448100-MAXXIS,"",""
MC-26-11-12-EFX,"",""
MC-26-9-12-EFX,"",""
MF-25-8-12-EFX,"",""
90000000843-MICKEY THOMPSON TIRE,"",""
250656-MICKEY THOMPSON TIRE,"",""
90000040428-MICKEY THOMPSON TIRE,"",""
90000040427-MICKEY THOMPSON TIRE,"",""
90000000842-MICKEY THOMPSON TIRE,"",""
90000000815-MICKEY THOMPSON TIRE,"",""
90000024649-MICKEY THOMPSON TIRE,"",""
255607-MICKEY THOMPSON TIRE,"",""
90000000594-MICKEY THOMPSON TIRE,"",""
180670-NITTO,"",""
180800-NITTO,"",""
103890-TOYO,"",""
104750-TOYO,"",""
132960-TOYO,"",""
133130-TOYO,"",""
133240-TOYO,"",""
136060-TOYO,"",""
136740-TOYO,"",""
136750-TOYO,"",""
136790-TOYO,"",""
147100-TOYO,"",""
148340-TOYO,"",""
148580-TOYO,"",""
148620-TOYO,"",""
196460-TOYO,"",""
214470-TOYO,"",""
223000-TOYO,"",""
223050-TOYO,"",""
223080-TOYO,"",""
223110-TOYO,"",""
223150-TOYO,"",""
223170-TOYO,"",""
223190-TOYO,"",""
223210-TOYO,"",""
223220-TOYO,"",""
223470-TOYO,"",""
223480-TOYO,"",""
243470-TOYO,"",""
243480-TOYO,"",""
243540-TOYO,"",""
243560-TOYO,"",""
243630-TOYO,"",""
243650-TOYO,"",""
243670-TOYO,"",""
243680-TOYO,"",""
243710-TOYO,"",""
243770-TOYO,"",""
243780-TOYO,"",""
243790-TOYO,"",""
243830-TOYO,"",""
243870-TOYO,"",""
252070-TOYO,"",""
255180-TOYO,"",""
255340-TOYO,"",""
255360-TOYO,"",""
255380-TOYO,"",""
255410-TOYO,"",""
255440-TOYO,"",""
255460-TOYO,"",""
255510-TOYO,"",""
255590-TOYO,"",""
358020-TOYO,"",""
04988-UNIROYAL,"",""
05599-UNIROYAL,"",""
06681-UNIROYAL,"",""
12536-UNIROYAL,"",""
13155-UNIROYAL,"",""
17432-UNIROYAL,"",""
28435-UNIROYAL,"",""
33699-UNIROYAL,"",""
40707-UNIROYAL,"",""
48403-UNIROYAL,"",""
49725-UNIROYAL,"",""
53505-UNIROYAL,"",""
54335-UNIROYAL,"",""
54885-UNIROYAL,"",""
58787-UNIROYAL,"",""
94970-UNIROYAL,"",""
28103409-FALKEN,"",""
28103635-FALKEN,"",""
28103837-FALKEN,"",""
28105427-FALKEN,"",""
28105569-FALKEN,"",""
28105640-FALKEN,"",""
28105687-FALKEN,"",""
28292727-FALKEN,"",""
28294479-FALKEN,"",""
28391196-FALKEN,"",""
28391256-FALKEN,"",""
28391319-FALKEN,"",""
28392212-FALKEN,"",""
28392239-FALKEN,"",""
28392391-FALKEN,"",""
28392457-FALKEN,"",""
28392460-FALKEN,"",""
28392687-FALKEN,"",""
28392892-FALKEN,"",""
28392927-FALKEN,"",""
59000290-FALKEN,"",""
59000340-FALKEN,"",""
59000420-FALKEN,"",""
24000029-MILESTAR,"",""
24000034-MILESTAR,"",""
24000035-MILESTAR,"",""
24000036-MILESTAR,"",""
24000047-MILESTAR,"",""
24000056-MILESTAR,"",""
24000065-MILESTAR,"",""
24000077-MILESTAR,"",""
24000078-MILESTAR,"",""
24000082-MILESTAR,"",""
24000085-MILESTAR,"",""
24000087-MILESTAR,"",""
24060014-MILESTAR,"",""
24062007-MILESTAR,"",""
24078006-MILESTAR,"",""
24083108-MILESTAR,"",""
24083109-MILESTAR,"",""
24240015-MILESTAR,"",""
24245013-MILESTAR,"",""
24245020-MILESTAR,"",""
24247001-MILESTAR,"",""
24377501-MILESTAR,"",""
24395025-MILESTAR,"",""
24470116-MILESTAR,"",""
24470117-MILESTAR,"",""
24475025-MILESTAR,"",""
24475026-MILESTAR,"",""
24482001-MILESTAR,"",""
24485001-MILESTAR,"",""
24545027-MILESTAR,"",""
24555010-MILESTAR,"",""
24555013-MILESTAR,"",""
24558008-MILESTAR,"",""
24655034-MILESTAR,"",""
24655037-MILESTAR,"",""
24655038-MILESTAR,"",""
24665040-MILESTAR,"",""
24725005-MILESTAR,"",""
24848008-MILESTAR,"",""
24851005-MILESTAR,"",""
24851006-MILESTAR,"",""
24851007-MILESTAR,"",""
24990019-MILESTAR,"",""
24995019-MILESTAR,"",""
24995020-MILESTAR,"",""
24995022-MILESTAR,"",""
24998010-MILESTAR,"",""
24998011-MILESTAR,"",""
24998012-MILESTAR,"",""
24998013-MILESTAR,"",""
TM00094100-MAXXIS,"",""
TM00095100-MAXXIS,"",""
TM00124100-MAXXIS,"",""
TM00229100-MAXXIS,"",""
TM00230100-MAXXIS,"",""
TM00270700-MAXXIS,"",""
TM00279500-MAXXIS,"",""
TM00279700-MAXXIS,"",""
TM00298400-MAXXIS,"",""
TM00298700-MAXXIS,"",""
TM00301500-MAXXIS,"",""
TM00441100-MAXXIS,"",""
TM00452100-MAXXIS,"",""
TM00948100-MAXXIS,"",""
TM00949100-MAXXIS,"",""
TM01050100-MAXXIS,"",""
TM01051100-MAXXIS,"",""
MF-26-10-14-EFX,"",""
MF-26-8-14-EFX,"",""
03644-MICHELIN,"",""
03647-MICHELIN,"",""
17729-MICHELIN,"",""
29965-MICHELIN,"",""
48884-MICHELIN,"",""
58723-MICHELIN,"",""
250597-MICKEY THOMPSON TIRE,"",""
90000040480-MICKEY THOMPSON TIRE,"",""
90000040429-MICKEY THOMPSON TIRE,"",""
90000024091-MICKEY THOMPSON TIRE,"",""
90000026533-MICKEY THOMPSON TIRE,"",""
90000000846-MICKEY THOMPSON TIRE,"",""
90000024557-MICKEY THOMPSON TIRE,"",""
90000028456-MICKEY THOMPSON TIRE,"",""
90000024641-MICKEY THOMPSON TIRE,"",""
90000024550-MICKEY THOMPSON TIRE,"",""
90000024528-MICKEY THOMPSON TIRE,"",""
212400-NITTO,"",""
RFST20575R14-FUEL TIRES,"",""
104420-TOYO,"",""
104460-TOYO,"",""
127730-TOYO,"",""
131270-TOYO,"",""
132870-TOYO,"",""
132890-TOYO,"",""
132970-TOYO,"",""
133150-TOYO,"",""
133180-TOYO,"",""
133270-TOYO,"",""
134690-TOYO,"",""
136940-TOYO,"",""
147180-TOYO,"",""
148250-TOYO,"",""
148590-TOYO,"",""
148680-TOYO,"",""
148690-TOYO,"",""
196620-TOYO,"",""
196660-TOYO,"",""
196670-TOYO,"",""
223010-TOYO,"",""
223030-TOYO,"",""
223100-TOYO,"",""
223120-TOYO,"",""
223200-TOYO,"",""
223230-TOYO,"",""
223250-TOYO,"",""
223270-TOYO,"",""
223310-TOYO,"",""
223320-TOYO,"",""
223360-TOYO,"",""
223510-TOYO,"",""
238060-TOYO,"",""
239170-TOYO,"",""
239450-TOYO,"",""
243490-TOYO,"",""
243500-TOYO,"",""
243550-TOYO,"",""
243570-TOYO,"",""
243590-TOYO,"",""
243690-TOYO,"",""
243800-TOYO,"",""
243840-TOYO,"",""
243880-TOYO,"",""
255220-TOYO,"",""
255450-TOYO,"",""
255530-TOYO,"",""
255550-TOYO,"",""
00900-UNIROYAL,"",""
08562-UNIROYAL,"",""
08574-UNIROYAL,"",""
09535-UNIROYAL,"",""
11937-UNIROYAL,"",""
22857-UNIROYAL,"",""
53102-UNIROYAL,"",""
53310-UNIROYAL,"",""
56191-UNIROYAL,"",""
66985-UNIROYAL,"",""
79737-UNIROYAL,"",""
80398-UNIROYAL,"",""
97913-UNIROYAL,"",""
98689-UNIROYAL,"",""
W-26-11-12-EFX,"",""
W-26-11-14-EFX,"",""
W-26-9-12-EFX,"",""
W-26-9-14-EFX,"",""
29715-BF GOODRICH,"",""
33323-BF GOODRICH,"",""
92296-BF GOODRICH,"",""
28103126-FALKEN,"",""
28103515-FALKEN,"",""
28105321-FALKEN,"",""
28391200-FALKEN,"",""
28391348-FALKEN,"",""
28391440-FALKEN,"",""
28391587-FALKEN,"",""
28391731-FALKEN,"",""
28391952-FALKEN,"",""
28391996-FALKEN,"",""
28392355-FALKEN,"",""
28392406-FALKEN,"",""
28392491-FALKEN,"",""
28392586-FALKEN,"",""
28392630-FALKEN,"",""
28392718-FALKEN,"",""
28392837-FALKEN,"",""
28392905-FALKEN,"",""
28393790-FALKEN,"",""
28711105-FALKEN,"",""
28847272-FALKEN,"",""
59000230-FALKEN,"",""
59000280-FALKEN,"",""
59000330-FALKEN,"",""
59000400-FALKEN,"",""
59000550-FALKEN,"",""
59000790-FALKEN,"",""
59000800-FALKEN,"",""
59000980-FALKEN,"",""
ETH2554518-FUEL TIRES,"",""
23112001-MILESTAR,"",""
24000037-MILESTAR,"",""
24000043-MILESTAR,"",""
24000057-MILESTAR,"",""
24000086-MILESTAR,"",""
24000088-MILESTAR,"",""
24065013-MILESTAR,"",""
24083110-MILESTAR,"",""
24085006-MILESTAR,"",""
24085007-MILESTAR,"",""
24156009-MILESTAR,"",""
24156010-MILESTAR,"",""
24156013-MILESTAR,"",""
24375007-MILESTAR,"",""
24410010-MILESTAR,"",""
24410011-MILESTAR,"",""
24410012-MILESTAR,"",""
24480014-MILESTAR,"",""
24480016-MILESTAR,"",""
24480017-MILESTAR,"",""
24495003-MILESTAR,"",""
24556902-MILESTAR,"",""
24558009-MILESTAR,"",""
24559009-MILESTAR,"",""
24559010-MILESTAR,"",""
24560027-MILESTAR,"",""
24560028-MILESTAR,"",""
24560029-MILESTAR,"",""
24567011-MILESTAR,"",""
24567012-MILESTAR,"",""
24627502-MILESTAR,"",""
24685013-MILESTAR,"",""
24685014-MILESTAR,"",""
24735007-MILESTAR,"",""
24736009-MILESTAR,"",""
24740013-MILESTAR,"",""
24745008-MILESTAR,"",""
24745011-MILESTAR,"",""
24849004-MILESTAR,"",""
24849005-MILESTAR,"",""
24853003-MILESTAR,"",""
24880802-MILESTAR,"",""
24880803-MILESTAR,"",""
24996010-MILESTAR,"",""
24996011-MILESTAR,"",""
TM00065500-MAXXIS,"",""
TM00065600-MAXXIS,"",""
TM00096100-MAXXIS,"",""
TM00097100-MAXXIS,"",""
TM00121700-MAXXIS,"",""
TM00139900-MAXXIS,"",""
TM00140000-MAXXIS,"",""
TM00242100-MAXXIS,"",""
TM00243100-MAXXIS,"",""
TM00297300-MAXXIS,"",""
TM00301600-MAXXIS,"",""
TM00442100-MAXXIS,"",""
TM00456100-MAXXIS,"",""
TM00697100-MAXXIS,"",""
TM00698100-MAXXIS,"",""
TM00841100-MAXXIS,"",""
TM00842100-MAXXIS,"",""
MC-27-10-14-EFX,"",""
MC-28-9-15-EFX,"",""
37584-MICHELIN,"",""
63692-MICHELIN,"",""
65724-MICHELIN,"",""
72018-MICHELIN,"",""
MM-27-10-14-EFX,"",""
MM-27-12-14-EFX,"",""
MR-27-10-14-EFX,"",""
250592-MICKEY THOMPSON TIRE,"",""
250596-MICKEY THOMPSON TIRE,"",""
250657-MICKEY THOMPSON TIRE,"",""
90000024497-MICKEY THOMPSON TIRE,"",""
90000040481-MICKEY THOMPSON TIRE,"",""
250794-MICKEY THOMPSON TIRE,"",""
90000000847-MICKEY THOMPSON TIRE,"",""
90000026534-MICKEY THOMPSON TIRE,"",""
90000000816-MICKEY THOMPSON TIRE,"",""
250960-MICKEY THOMPSON TIRE,"",""
250974-MICKEY THOMPSON TIRE,"",""
90000022010-MICKEY THOMPSON TIRE,"",""
90000024555-MICKEY THOMPSON TIRE,"",""
90000024642-MICKEY THOMPSON TIRE,"",""
255604-MICKEY THOMPSON TIRE,"",""
90000024552-MICKEY THOMPSON TIRE,"",""
255634-MICKEY THOMPSON TIRE,"",""
90000000224-MICKEY THOMPSON TIRE,"",""
255653-MICKEY THOMPSON TIRE,"",""
90000000595-MICKEY THOMPSON TIRE,"",""
MV-27-95-14-EFX,"",""
180720-NITTO,"",""
212390-NITTO,"",""
RFHT25545R18-FUEL TIRES,"",""
RFST20575R15-FUEL TIRES,"",""
RFST21575R14-FUEL TIRES,"",""
SS-27-10-14-EFX,"",""
127980-TOYO,"",""
132880-TOYO,"",""
132980-TOYO,"",""
133080-TOYO,"",""
133170-TOYO,"",""
136070-TOYO,"",""
148700-TOYO,"",""
223060-TOYO,"",""
223090-TOYO,"",""
223160-TOYO,"",""
223260-TOYO,"",""
223350-TOYO,"",""
223370-TOYO,"",""
223400-TOYO,"",""
223520-TOYO,"",""
231180-TOYO,"",""
231260-TOYO,"",""
243510-TOYO,"",""
243580-TOYO,"",""
243600-TOYO,"",""
243660-TOYO,"",""
243700-TOYO,"",""
243720-TOYO,"",""
243810-TOYO,"",""
243850-TOYO,"",""
244570-TOYO,"",""
255200-TOYO,"",""
255280-TOYO,"",""
255470-TOYO,"",""
255480-TOYO,"",""
255520-TOYO,"",""
255560-TOYO,"",""
255570-TOYO,"",""
358030-TOYO,"",""
03381-UNIROYAL,"",""
11467-UNIROYAL,"",""
12378-UNIROYAL,"",""
72866-UNIROYAL,"",""
W-27-10-14-EFX,"",""
09453-BF GOODRICH,"",""
13041-BF GOODRICH,"",""
33172-BF GOODRICH,"",""
68173-BF GOODRICH,"",""
93452-BF GOODRICH,"",""
28103191-FALKEN,"",""
28103275-FALKEN,"",""
28103387-FALKEN,"",""
28103484-FALKEN,"",""
28103669-FALKEN,"",""
28103792-FALKEN,"",""
28105211-FALKEN,"",""
28105457-FALKEN,"",""
28105460-FALKEN,"",""
28105606-FALKEN,"",""
28105670-FALKEN,"",""
28391341-FALKEN,"",""
28391381-FALKEN,"",""
28391423-FALKEN,"",""
28391460-FALKEN,"",""
28391613-FALKEN,"",""
28391637-FALKEN,"",""
28391943-FALKEN,"",""
28392382-FALKEN,"",""
28392479-FALKEN,"",""
28392506-FALKEN,"",""
28392675-FALKEN,"",""
28392770-FALKEN,"",""
28844108-FALKEN,"",""
28844151-FALKEN,"",""
28844775-FALKEN,"",""
28847033-FALKEN,"",""
28847202-FALKEN,"",""
28962780-FALKEN,"",""
59000032-FALKEN,"",""
59000410-FALKEN,"",""
59000530-FALKEN,"",""
59000810-FALKEN,"",""
59000830-FALKEN,"",""
59000840-FALKEN,"",""
59000890-FALKEN,"",""
22270510-MILESTAR,"",""
23676001-MILESTAR,"",""
24000031-MILESTAR,"",""
24000040-MILESTAR,"",""
24000042-MILESTAR,"",""
24000058-MILESTAR,"",""
24000067-MILESTAR,"",""
24000068-MILESTAR,"",""
24000073-MILESTAR,"",""
24000076-MILESTAR,"",""
24000089-MILESTAR,"",""
24000090-MILESTAR,"",""
24084011-MILESTAR,"",""
24087009-MILESTAR,"",""
24087010-MILESTAR,"",""
24087011-MILESTAR,"",""
24123401-MILESTAR,"",""
24252003-MILESTAR,"",""
24370105-MILESTAR,"",""
24496708-MILESTAR,"",""
24496709-MILESTAR,"",""
24496808-MILESTAR,"",""
24552706-MILESTAR,"",""
24557015-MILESTAR,"",""
24557021-MILESTAR,"",""
24657018-MILESTAR,"",""
24750005-MILESTAR,"",""
24760010-MILESTAR,"",""
24760017-MILESTAR,"",""
24760020-MILESTAR,"",""
24760021-MILESTAR,"",""
24760023-MILESTAR,"",""
24864002-MILESTAR,"",""
24880503-MILESTAR,"",""
24988007-MILESTAR,"",""
TM00121800-MAXXIS,"",""
TM00164400-MAXXIS,"",""
TM00297500-MAXXIS,"",""
TM00344100-MAXXIS,"",""
TM00393100-MAXXIS,"",""
TM00705100-MAXXIS,"",""
TM00706100-MAXXIS,"",""
TM00732100-MAXXIS,"",""
TM00733100-MAXXIS,"",""
TM00852100-MAXXIS,"",""
TM01000100-MAXXIS,"",""
TM01009100-MAXXIS,"",""
TM01055100-MAXXIS,"",""
TM01056100-MAXXIS,"",""
TM16683900-MAXXIS,"",""
MB-28-10-14-EFX,"",""
MC-28-10-14-EFX,"",""
40689-MICHELIN,"",""
MK-28-85-14-EFX,"",""
MR-28-10-14-EFX,"",""
MR-28-10-14XL-EFX,"",""
90000001536-MICKEY THOMPSON TIRE,"",""
90000024498-MICKEY THOMPSON TIRE,"",""
90000059993-MICKEY THOMPSON TIRE,"",""
250801-MICKEY THOMPSON TIRE,"",""
250803-MICKEY THOMPSON TIRE,"",""
250812-MICKEY THOMPSON TIRE,"",""
250838-MICKEY THOMPSON TIRE,"",""
250845-MICKEY THOMPSON TIRE,"",""
250909-MICKEY THOMPSON TIRE,"",""
90000024643-MICKEY THOMPSON TIRE,"",""
90000028458-MICKEY THOMPSON TIRE,"",""
255254-MICKEY THOMPSON TIRE,"",""
90000000851-MICKEY THOMPSON TIRE,"",""
255258-MICKEY THOMPSON TIRE,"",""
90000001551-MICKEY THOMPSON TIRE,"",""
90000024554-MICKEY THOMPSON TIRE,"",""
90000024644-MICKEY THOMPSON TIRE,"",""
255603-MICKEY THOMPSON TIRE,"",""
90000024578-MICKEY THOMPSON TIRE,"",""
255654-MICKEY THOMPSON TIRE,"",""
90000000821-MICKEY THOMPSON TIRE,"",""
90000000848-MICKEY THOMPSON TIRE,"",""
MY-28-10-14-EFX,"",""
MY-28-10-15-EFX,"",""
261270-NITTO,"",""
RFST22575R15-FUEL TIRES,"",""
-EFX,"",""
RFTR281000R14E-EFX,"",""
RFTT281000R14E-EFX,"",""
RFUT281000R14E-EFX,"",""
RFXT18585R16W-FUEL TIRES,"",""
SS-28-11-14-EFX,"",""
SS-28-14-14-EFX,"",""
127970-TOYO,"",""
133060-TOYO,"",""
134700-TOYO,"",""
140630-TOYO,"",""
147190-TOYO,"",""
223020-TOYO,"",""
223380-TOYO,"",""
223410-TOYO,"",""
239190-TOYO,"",""
239370-TOYO,"",""
243610-TOYO,"",""
243730-TOYO,"",""
243820-TOYO,"",""
243860-TOYO,"",""
243890-TOYO,"",""
243970-TOYO,"",""
243980-TOYO,"",""
244580-TOYO,"",""
244640-TOYO,"",""
302060-TOYO,"",""
33332-UNIROYAL,"",""
34634-UNIROYAL,"",""
48953-UNIROYAL,"",""
62707-UNIROYAL,"",""
80066-UNIROYAL,"",""
W-28-10-14-EFX,"",""
W-28-10-15-EFX,"",""
04744-BF GOODRICH,"",""
08522-BF GOODRICH,"",""
58194-BF GOODRICH,"",""
28103182-FALKEN,"",""
28103516-FALKEN,"",""
28103550-FALKEN,"",""
28103687-FALKEN,"",""
28105218-FALKEN,"",""
28105285-FALKEN,"",""
28105320-FALKEN,"",""
28105336-FALKEN,"",""
28105494-FALKEN,"",""
28105756-FALKEN,"",""
28105776-FALKEN,"",""
28391150-FALKEN,"",""
28391235-FALKEN,"",""
28391517-FALKEN,"",""
28391973-FALKEN,"",""
28392103-FALKEN,"",""
28392235-FALKEN,"",""
28392342-FALKEN,"",""
28392474-FALKEN,"",""
28392584-FALKEN,"",""
28392599-FALKEN,"",""
28392619-FALKEN,"",""
28392761-FALKEN,"",""
28392853-FALKEN,"",""
28712016-FALKEN,"",""
28840119-FALKEN,"",""
28841790-FALKEN,"",""
28844109-FALKEN,"",""
28847745-FALKEN,"",""
59000920-FALKEN,"",""
ETH2555518-FUEL TIRES,"",""
22065006-MILESTAR,"",""
22265027-MILESTAR,"",""
22265030-MILESTAR,"",""
22280012-MILESTAR,"",""
22756008-MILESTAR,"",""
24000032-MILESTAR,"",""
24000064-MILESTAR,"",""
24000069-MILESTAR,"",""
24000071-MILESTAR,"",""
24000072-MILESTAR,"",""
24000074-MILESTAR,"",""
24072003-MILESTAR,"",""
24072006-MILESTAR,"",""
24265022-MILESTAR,"",""
24265023-MILESTAR,"",""
24268015-MILESTAR,"",""
24374007-MILESTAR,"",""
24374008-MILESTAR,"",""
24376006-MILESTAR,"",""
24497006-MILESTAR,"",""
24552516-MILESTAR,"",""
24552525-MILESTAR,"",""
24583211-MILESTAR,"",""
24621003-MILESTAR,"",""
24622003-MILESTAR,"",""
24627501-MILESTAR,"",""
24657014-MILESTAR,"",""
24657015-MILESTAR,"",""
24984009-MILESTAR,"",""
24984010-MILESTAR,"",""
24995109-MILESTAR,"",""
TM00105300-MAXXIS,"",""
TM00120900-MAXXIS,"",""
TM00256600-MAXXIS,"",""
TM00256700-MAXXIS,"",""
TM00438500-MAXXIS,"",""
TM00746100-MAXXIS,"",""
TM00880100-MAXXIS,"",""
TM00881100-MAXXIS,"",""
TM00896100-MAXXIS,"",""
TM00903100-MAXXIS,"",""
TM01047100-MAXXIS,"",""
TM01054100-MAXXIS,"",""
MC-29-10-16-EFX,"",""
MC-30-10-14-EFX,"",""
13640-MICHELIN,"",""
31043-MICHELIN,"",""
40640-MICHELIN,"",""
42037-MICHELIN,"",""
62246-MICHELIN,"",""
62812-MICHELIN,"",""
87764-MICHELIN,"",""
90000059991-MICKEY THOMPSON TIRE,"",""
90000038315-MICKEY THOMPSON TIRE,"",""
250822-MICKEY THOMPSON TIRE,"",""
250836-MICKEY THOMPSON TIRE,"",""
90000023502-MICKEY THOMPSON TIRE,"",""
90000031237-MICKEY THOMPSON TIRE,"",""
90000000860-MICKEY THOMPSON TIRE,"",""
90000000859-MICKEY THOMPSON TIRE,"",""
90000000855-MICKEY THOMPSON TIRE,"",""
90000024661-MICKEY THOMPSON TIRE,"",""
255637-MICKEY THOMPSON TIRE,"",""
255656-MICKEY THOMPSON TIRE,"",""
212380-NITTO,"",""
212450-NITTO,"",""
261830-NITTO,"",""
RFHT25555R18-FUEL TIRES,"",""
RFNT23570R16W-FUEL TIRES,"",""
SS-29-11-14-EFX,"",""
132770-TOYO,"",""
147210-TOYO,"",""
223280-TOYO,"",""
223440-TOYO,"",""
231270-TOYO,"",""
239270-TOYO,"",""
243620-TOYO,"",""
243740-TOYO,"",""
243760-TOYO,"",""
243900-TOYO,"",""
243910-TOYO,"",""
243990-TOYO,"",""
244590-TOYO,"",""
244600-TOYO,"",""
244620-TOYO,"",""
244690-TOYO,"",""
247760-TOYO,"",""
302100-TOYO,"",""
355220-TOYO,"",""
356120-TOYO,"",""
356220-TOYO,"",""
01337-UNIROYAL,"",""
02961-UNIROYAL,"",""
06930-UNIROYAL,"",""
10000-UNIROYAL,"",""
13643-UNIROYAL,"",""
22687-UNIROYAL,"",""
40680-UNIROYAL,"",""
45081-UNIROYAL,"",""
48950-UNIROYAL,"",""
63960-UNIROYAL,"",""
85991-UNIROYAL,"",""
92361-UNIROYAL,"",""
28103890-FALKEN,"",""
28105222-FALKEN,"",""
28105808-FALKEN,"",""
28392202-FALKEN,"",""
28392459-FALKEN,"",""
28392555-FALKEN,"",""
28392721-FALKEN,"",""
28392807-FALKEN,"",""
28392899-FALKEN,"",""
28840112-FALKEN,"",""
28840628-FALKEN,"",""
28840718-FALKEN,"",""
28844146-FALKEN,"",""
28844657-FALKEN,"",""
28844667-FALKEN,"",""
28844721-FALKEN,"",""
28844737-FALKEN,"",""
28844747-FALKEN,"",""
28844854-FALKEN,"",""
28847017-FALKEN,"",""
59000070-FALKEN,"",""
59000220-FALKEN,"",""
59000960-FALKEN,"",""
59000970-FALKEN,"",""
59001000-FALKEN,"",""
59001010-FALKEN,"",""
22021001-MILESTAR,"",""
22072006-MILESTAR,"",""
22269016-MILESTAR,"",""
22269017-MILESTAR,"",""
22275051B-MILESTAR,"",""
22275053-MILESTAR,"",""
22275056-MILESTAR,"",""
22275057-MILESTAR,"",""
22285032-MILESTAR,"",""
22285035-MILESTAR,"",""
22285036-MILESTAR,"",""
22860029-MILESTAR,"",""
22860030-MILESTAR,"",""
24000033-MILESTAR,"",""
24000070-MILESTAR,"",""
24270012-MILESTAR,"",""
24270014-MILESTAR,"",""
24272020-MILESTAR,"",""
24498005-MILESTAR,"",""
24502006-MILESTAR,"",""
24552614-MILESTAR,"",""
24552616-MILESTAR,"",""
24583308-MILESTAR,"",""
24583310-MILESTAR,"",""
24583313-MILESTAR,"",""
24609002-MILESTAR,"",""
24626006-MILESTAR,"",""
24652009-MILESTAR,"",""
24652010-MILESTAR,"",""
24652011-MILESTAR,"",""
24658006-MILESTAR,"",""
24658007-MILESTAR,"",""
24689015-MILESTAR,"",""
24689017-MILESTAR,"",""
24768010-MILESTAR,"",""
24768011-MILESTAR,"",""
24878003-MILESTAR,"",""
TM00108000-MAXXIS,"",""
TM00130700-MAXXIS,"",""
TM00170900-MAXXIS,"",""
TM00186900-MAXXIS,"",""
TM00187500-MAXXIS,"",""
TM00335900-MAXXIS,"",""
TM00853100-MAXXIS,"",""
TM00860100-MAXXIS,"",""
TM00882100-MAXXIS,"",""
TM00894100-MAXXIS,"",""
TM00940100-MAXXIS,"",""
TM00941100-MAXXIS,"",""
MH-30-10-14-EFX,"",""
MH-30-10-15-EFX,"",""
MH-31-10-14-EFX,"",""
10048-MICHELIN,"",""
71931-MICHELIN,"",""
MK-30-85-16-EFX,"",""
MR-30-10-14-EFX,"",""
MR-30-10-14XL-EFX,"",""
MR-30-10-15-EFX,"",""
MR-30-10-16-EFX,"",""
MR-30-10-16XL-EFX,"",""
MS-30-95-14-EFX,"",""
MS-30-95-16-EFX,"",""
250111-MICKEY THOMPSON TIRE,"",""
250116-MICKEY THOMPSON TIRE,"",""
90000024662-MICKEY THOMPSON TIRE,"",""
90000024499-MICKEY THOMPSON TIRE,"",""
90000024092-MICKEY THOMPSON TIRE,"",""
90000000871-MICKEY THOMPSON TIRE,"",""
90000000863-MICKEY THOMPSON TIRE,"",""
90000040949-MICKEY THOMPSON TIRE,"",""
90000031236-MICKEY THOMPSON TIRE,"",""
90000028459-MICKEY THOMPSON TIRE,"",""
90000024556-MICKEY THOMPSON TIRE,"",""
255633-MICKEY THOMPSON TIRE,"",""
255655-MICKEY THOMPSON TIRE,"",""
255672-MICKEY THOMPSON TIRE,"",""
90000119685-MICKEY THOMPSON TIRE,"",""
MY-30-10-14-EFX,"",""
MY-30-10-15-EFX,"",""
MY-30-10-16-EFX,"",""
224240-NITTO,"",""
-PRO COMP TIRE,"",""
QQAT26550R20W-FUEL TIRES,"",""
QQAT26560R18W-FUEL TIRES,"",""
QQAT26565R17W-FUEL TIRES,"",""
RFTT301000R14E-EFX,"",""
RFTT301000R15E-EFX,"",""
RFUT301000R14E-EFX,"",""
RFUT301000R15E-EFX,"",""
RFXT26565R17W-FUEL TIRES,"",""
SS-29-14-14-EFX,"",""
SS-30-11-14-EFX,"",""
SS-30-14-14-EFX,"",""
133840-TOYO,"",""
147220-TOYO,"",""
147230-TOYO,"",""
243920-TOYO,"",""
243950-TOYO,"",""
244610-TOYO,"",""
244650-TOYO,"",""
244660-TOYO,"",""
244680-TOYO,"",""
302190-TOYO,"",""
302250-TOYO,"",""
302270-TOYO,"",""
306100-TOYO,"",""
310420-TOYO,"",""
312330-TOYO,"",""
316080-TOYO,"",""
354670-TOYO,"",""
354720-TOYO,"",""
355240-TOYO,"",""
356140-TOYO,"",""
356160-TOYO,"",""
357160-TOYO,"",""
364520-TOYO,"",""
364800-TOYO,"",""
520500-TOYO,"",""
556780-TOYO,"",""
03378-UNIROYAL,"",""
03655-UNIROYAL,"",""
04101-UNIROYAL,"",""
04762-UNIROYAL,"",""
07620-UNIROYAL,"",""
13062-UNIROYAL,"",""
13101-UNIROYAL,"",""
13106-UNIROYAL,"",""
15367-UNIROYAL,"",""
28765-UNIROYAL,"",""
33874-UNIROYAL,"",""
35883-UNIROYAL,"",""
37405-UNIROYAL,"",""
39341-UNIROYAL,"",""
41360-UNIROYAL,"",""
44933-UNIROYAL,"",""
45619-UNIROYAL,"",""
76451-UNIROYAL,"",""
77451-UNIROYAL,"",""
W-30-10-14-EFX,"",""
W-30-10-16-EFX,"",""
AVX-171260-AVIX,"",""
08444-BF GOODRICH,"",""
28391598-FALKEN,"",""
28391599-FALKEN,"",""
28391865-FALKEN,"",""
28391950-FALKEN,"",""
28392243-FALKEN,"",""
28394336-FALKEN,"",""
28840601-FALKEN,"",""
28840639-FALKEN,"",""
28840712-FALKEN,"",""
28840994-FALKEN,"",""
28844301-FALKEN,"",""
28844769-FALKEN,"",""
28844823-FALKEN,"",""
28847324-FALKEN,"",""
22270051-MILESTAR,"",""
22270055-MILESTAR,"",""
22270056-MILESTAR,"",""
22275513-MILESTAR,"",""
22275514-MILESTAR,"",""
22275516-MILESTAR,"",""
22275611-MILESTAR,"",""
22275613-MILESTAR,"",""
22279045B-MILESTAR,"",""
22279047-MILESTAR,"",""
22279052-MILESTAR,"",""
22279053-MILESTAR,"",""
22279054-MILESTAR,"",""
22810016-MILESTAR,"",""
22810020-MILESTAR,"",""
22810025-MILESTAR,"",""
22810026-MILESTAR,"",""
22810029-MILESTAR,"",""
24000041-MILESTAR,"",""
24000053-MILESTAR,"",""
24000066-MILESTAR,"",""
24000075-MILESTAR,"",""
24503204-MILESTAR,"",""
24627005-MILESTAR,"",""
24627007-MILESTAR,"",""
24628004-MILESTAR,"",""
24628005-MILESTAR,"",""
24629011-MILESTAR,"",""
24651005-MILESTAR,"",""
24651007-MILESTAR,"",""
24660007-MILESTAR,"",""
24660009-MILESTAR,"",""
24671004-MILESTAR,"",""
24689220-MILESTAR,"",""
24689222-MILESTAR,"",""
24773011-MILESTAR,"",""
29900008-MILESTAR,"",""
TM00105200-MAXXIS,"",""
TM00118500-MAXXIS,"",""
TM00186300-MAXXIS,"",""
TM00296400-MAXXIS,"",""
TM00370300-MAXXIS,"",""
TM00977100-MAXXIS,"",""
MC-31-10-15-EFX,"",""
MK-31-85-14-EFX,"",""
250300-MICKEY THOMPSON TIRE,"",""
90000040946-MICKEY THOMPSON TIRE,"",""
250740-MICKEY THOMPSON TIRE,"",""
250795-MICKEY THOMPSON TIRE,"",""
90000000875-MICKEY THOMPSON TIRE,"",""
250969-MICKEY THOMPSON TIRE,"",""
90000000869-MICKEY THOMPSON TIRE,"",""
111030-NITTO,"",""
QQAT26570R17W-FUEL TIRES,"",""
QQAT27555R20W-FUEL TIRES,"",""
RFAT26570R17-FUEL TIRES,"",""
SS-31-11-15-EFX,"",""
SS-31-14-15-EFX,"",""
243750-TOYO,"",""
243930-TOYO,"",""
243960-TOYO,"",""
244630-TOYO,"",""
244670-TOYO,"",""
354420-TOYO,"",""
354680-TOYO,"",""
356190-TOYO,"",""
356270-TOYO,"",""
356940-TOYO,"",""
357090-TOYO,"",""
357290-TOYO,"",""
357300-TOYO,"",""
358050-TOYO,"",""
364270-TOYO,"",""
364440-TOYO,"",""
520530-TOYO,"",""
520540-TOYO,"",""
556720-TOYO,"",""
01207-UNIROYAL,"",""
02939-UNIROYAL,"",""
03289-UNIROYAL,"",""
07519-UNIROYAL,"",""
08593-UNIROYAL,"",""
17207-UNIROYAL,"",""
19094-UNIROYAL,"",""
24086-UNIROYAL,"",""
25325-UNIROYAL,"",""
26019-UNIROYAL,"",""
40470-UNIROYAL,"",""
41662-UNIROYAL,"",""
42172-UNIROYAL,"",""
57122-UNIROYAL,"",""
67810-UNIROYAL,"",""
95826-UNIROYAL,"",""
AVX-171370-AVIX,"",""
AVX-201290-AVIX,"",""
AVX-201330-AVIX,"",""
AVX-201400-AVIX,"",""
03020-BF GOODRICH,"",""
17109-BF GOODRICH,"",""
29937-BF GOODRICH,"",""
34424-BF GOODRICH,"",""
40964-BF GOODRICH,"",""
62187-BF GOODRICH,"",""
28041219-FALKEN,"",""
28840008-FALKEN,"",""
28844097-FALKEN,"",""
28844809-FALKEN,"",""
28844841-FALKEN,"",""
28844901-FALKEN,"",""
28847115-FALKEN,"",""
28847641-FALKEN,"",""
59000540-FALKEN,"",""
59000860-FALKEN,"",""
22139002-MILESTAR,"",""
22139003-MILESTAR,"",""
22152113-MILESTAR,"",""
22228006-MILESTAR,"",""
22229000-MILESTAR,"",""
22229008-MILESTAR,"",""
22247203-MILESTAR,"",""
22401512-MILESTAR,"",""
22688020-MILESTAR,"",""
22688025-MILESTAR,"",""
22772511-MILESTAR,"",""
22772512-MILESTAR,"",""
22789021-MILESTAR,"",""
22789504-MILESTAR,"",""
22799003-MILESTAR,"",""
22799004-MILESTAR,"",""
22800008-MILESTAR,"",""
22815006-MILESTAR,"",""
22815008-MILESTAR,"",""
22815009-MILESTAR,"",""
24459904-MILESTAR,"",""
24499003-MILESTAR,"",""
24531009-MILESTAR,"",""
24531012-MILESTAR,"",""
24890007-MILESTAR,"",""
TM00020300-MAXXIS,"",""
TM00155400-MAXXIS,"",""
TM00161900-MAXXIS,"",""
TM00162000-MAXXIS,"",""
TM00170600-MAXXIS,"",""
TM00186800-MAXXIS,"",""
TM00187200-MAXXIS,"",""
TM00310000-MAXXIS,"",""
MB-32-10-15-EFX,"",""
MC-32-10-14-EFX,"",""
MCR-32-10-14-EFX,"",""
MCR-32-10-15-EFX,"",""
MH-32-10-15-EFX,"",""
20536-MICHELIN,"",""
21032-MICHELIN,"",""
34799-MICHELIN,"",""
MK-32-85-16-EFX,"",""
MK-32-85-18-EFX,"",""
MR-32-10-14-EFX,"",""
MR-32-10-15-EFX,"",""
MR-32-10-15XL-EFX,"",""
MR-32-10-16-EFX,"",""
MR-32-10-18-EFX,"",""
MS-32-95-18-EFX,"",""
250110-MICKEY THOMPSON TIRE,"",""
250115-MICKEY THOMPSON TIRE,"",""
90000022013-MICKEY THOMPSON TIRE,"",""
250796-MICKEY THOMPSON TIRE,"",""
90000000878-MICKEY THOMPSON TIRE,"",""
90000000880-MICKEY THOMPSON TIRE,"",""
90000040166-MICKEY THOMPSON TIRE,"",""
90000000893-MICKEY THOMPSON TIRE,"",""
250968-MICKEY THOMPSON TIRE,"",""
90000000877-MICKEY THOMPSON TIRE,"",""
90000000870-MICKEY THOMPSON TIRE,"",""
255635-MICKEY THOMPSON TIRE,"",""
255671-MICKEY THOMPSON TIRE,"",""
90000119689-MICKEY THOMPSON TIRE,"",""
90000120111-MICKEY THOMPSON TIRE,"",""
90000120118-MICKEY THOMPSON TIRE,"",""
MV-32-95-16-EFX,"",""
MY-32-10-14-EFX,"",""
MY-32-10-15-EFX,"",""
MY-32-10-16-EFX,"",""
212320-NITTO,"",""
216670-NITTO,"",""
219030-NITTO,"",""
219150-NITTO,"",""
QQAT27565R18W-FUEL TIRES,"",""
QQAT28555R20W-FUEL TIRES,"",""
QQAT28565R18W-FUEL TIRES,"",""
QQAT28570R17W-FUEL TIRES,"",""
RFAT30565R17-FUEL TIRES,"",""
RFAT331250R17-FUEL TIRES,"",""
RFAT331250R17XL-FUEL TIRES,"",""
RFAT331250R18-FUEL TIRES,"",""
RFAT331250R18XL-FUEL TIRES,"",""
RFAT331250R20-FUEL TIRES,"",""
RFAT331250R20XL-FUEL TIRES,"",""
RFNT331250R24-FUEL TIRES,"",""
RFNT331350R22-FUEL TIRES,"",""
RFNT331350R24-FUEL TIRES,"",""
RFNT331450R24-FUEL TIRES,"",""
RFTR321000R14E-EFX,"",""
RFTR321000R15E-EFX,"",""
RFTT321000R14E-EFX,"",""
RFTT321000R15E-EFX,"",""
RFTT331000R15E-EFX,"",""
RFUT321000R14E-EFX,"",""
RFXT28570R17W-FUEL TIRES,"",""
SS-32-11-15-EFX,"",""
SS-32-14-15-EFX,"",""
239470-TOYO,"",""
243940-TOYO,"",""
244700-TOYO,"",""
247690-TOYO,"",""
310810-TOYO,"",""
312290-TOYO,"",""
312300-TOYO,"",""
354320-TOYO,"",""
354690-TOYO,"",""
354700-TOYO,"",""
354710-TOYO,"",""
354730-TOYO,"",""
354760-TOYO,"",""
354780-TOYO,"",""
355400-TOYO,"",""
355410-TOYO,"",""
355550-TOYO,"",""
357210-TOYO,"",""
358010-TOYO,"",""
358180-TOYO,"",""
358260-TOYO,"",""
361240-TOYO,"",""
540040-TOYO,"",""
548860-TOYO,"",""
556170-TOYO,"",""
556230-TOYO,"",""
556640-TOYO,"",""
556700-TOYO,"",""
556730-TOYO,"",""
556770-TOYO,"",""
556830-TOYO,"",""
562050-TOYO,"",""
562060-TOYO,"",""
06745-UNIROYAL,"",""
07910-UNIROYAL,"",""
13447-UNIROYAL,"",""
17131-UNIROYAL,"",""
17278-UNIROYAL,"",""
18710-UNIROYAL,"",""
19674-UNIROYAL,"",""
21446-UNIROYAL,"",""
30429-UNIROYAL,"",""
31028-UNIROYAL,"",""
36775-UNIROYAL,"",""
44234-UNIROYAL,"",""
53190-UNIROYAL,"",""
56123-UNIROYAL,"",""
58030-UNIROYAL,"",""
58882-UNIROYAL,"",""
68120-UNIROYAL,"",""
71421-UNIROYAL,"",""
96551-UNIROYAL,"",""
W-32-10-18-EFX,"",""
AVX-201401-AVIX,"",""
AVX-201420-AVIX,"",""
23161-BF GOODRICH,"",""
58075-BF GOODRICH,"",""
28037335-FALKEN,"",""
28042035-FALKEN,"",""
28391713-FALKEN,"",""
28757187-FALKEN,"",""
28840034-FALKEN,"",""
28840233-FALKEN,"",""
28840338-FALKEN,"",""
28840385-FALKEN,"",""
28844386-FALKEN,"",""
28844595-FALKEN,"",""
28847116-FALKEN,"",""
28847593-FALKEN,"",""
28847611-FALKEN,"",""
22275801-MILESTAR,"",""
22466009-MILESTAR,"",""
22688026-MILESTAR,"",""
22751803-MILESTAR,"",""
22789024-MILESTAR,"",""
22789707-MILESTAR,"",""
22789711-MILESTAR,"",""
22797014-MILESTAR,"",""
22797015-MILESTAR,"",""
22799502-MILESTAR,"",""
22800007-MILESTAR,"",""
22935006-MILESTAR,"",""
22936005-MILESTAR,"",""
22936007-MILESTAR,"",""
24466008-MILESTAR,"",""
TM00296300-MAXXIS,"",""
TM00435900-MAXXIS,"",""
MB-34-10-16-EFX,"",""
MCR-33-10-15-EFX,"",""
MH-33-10-18-EFX,"",""
MK-33-85-20-EFX,"",""
MS-33-95-20-EFX,"",""
MS-33-95-22-EFX,"",""
250526-MICKEY THOMPSON TIRE,"",""
90000001574-MICKEY THOMPSON TIRE,"",""
90000000888-MICKEY THOMPSON TIRE,"",""
90000119683-MICKEY THOMPSON TIRE,"",""
90000000885-MICKEY THOMPSON TIRE,"",""
MVR-33-95-15-EFX,"",""
MY-33-10-15-EFX,"",""
219050-NITTO,"",""
RFNT341250R22-FUEL TIRES,"",""
RFNT341250R24-FUEL TIRES,"",""
SS-33-11-15-EFX,"",""
SS-33-13-15-EFX,"",""
312310-TOYO,"",""
345250-TOYO,"",""
354640-TOYO,"",""
354740-TOYO,"",""
355700-TOYO,"",""
357170-TOYO,"",""
357190-TOYO,"",""
357250-TOYO,"",""
357280-TOYO,"",""
357310-TOYO,"",""
358350-TOYO,"",""
358360-TOYO,"",""
540050-TOYO,"",""
548840-TOYO,"",""
556650-TOYO,"",""
556710-TOYO,"",""
556740-TOYO,"",""
556750-TOYO,"",""
562020-TOYO,"",""
47011-UNIROYAL,"",""
84022-UNIROYAL,"",""
AVX-171600-AVIX,"",""
AVX-181600-AVIX,"",""
AVX-201490-AVIX,"",""
AVX-201600-AVIX,"",""
AVX-201605-AVIX,"",""
AVX-221600-AVIX,"",""
01281-BF GOODRICH,"",""
68284-BF GOODRICH,"",""
28037307-FALKEN,"",""
28757364-FALKEN,"",""
28757474-FALKEN,"",""
28840144-FALKEN,"",""
28840266-FALKEN,"",""
28840588-FALKEN,"",""
28840692-FALKEN,"",""
28844599-FALKEN,"",""
28847124-FALKEN,"",""
28847157-FALKEN,"",""
28847839-FALKEN,"",""
22228500-MILESTAR,"",""
22228502-MILESTAR,"",""
22229005-MILESTAR,"",""
22229009-MILESTAR,"",""
22229251-MILESTAR,"",""
22229502-MILESTAR,"",""
22229511-MILESTAR,"",""
22229704-MILESTAR,"",""
22229705-MILESTAR,"",""
22275901-MILESTAR,"",""
22689312-MILESTAR,"",""
22689316-MILESTAR,"",""
22689318-MILESTAR,"",""
22689401-MILESTAR,"",""
22751802-MILESTAR,"",""
22752001-MILESTAR,"",""
22790007-MILESTAR,"",""
22799901-MILESTAR,"",""
22799902-MILESTAR,"",""
22801006-MILESTAR,"",""
22801007-MILESTAR,"",""
22801009-MILESTAR,"",""
22935007-MILESTAR,"",""
30293001-MILESTAR,"",""
TM00296500-MAXXIS,"",""
TM00306300-MAXXIS,"",""
MH-34-10-20-EFX,"",""
MK-34-85-18-EFX,"",""
MR-34-10-18-EFX,"",""
250096-MICKEY THOMPSON TIRE,"",""
250114-MICKEY THOMPSON TIRE,"",""
90000021546-MICKEY THOMPSON TIRE,"",""
90000001562-MICKEY THOMPSON TIRE,"",""
261886-MICKEY THOMPSON TIRE,"",""
90000119684-MICKEY THOMPSON TIRE,"",""
MV-34-95-15-EFX,"",""
MV-34-95-18-EFX,"",""
209500-NITTO,"",""
219160-NITTO,"",""
RFAT351250R17-FUEL TIRES,"",""
RFAT351250R20-FUEL TIRES,"",""
RFNT351250R20-FUEL TIRES,"",""
RFNT351250R20XL-FUEL TIRES,"",""
RFTR351000R15E-EFX,"",""
RFXT351250R20-FUEL TIRES,"",""
RFXT351250R20XL-FUEL TIRES,"",""
RSAT32550R22-FUEL TIRES,"",""
351190-TOYO,"",""
351470-TOYO,"",""
354750-TOYO,"",""
354770-TOYO,"",""
355990-TOYO,"",""
356330-TOYO,"",""
356540-TOYO,"",""
357220-TOYO,"",""
357260-TOYO,"",""
357270-TOYO,"",""
358000-TOYO,"",""
358060-TOYO,"",""
358100-TOYO,"",""
358250-TOYO,"",""
358390-TOYO,"",""
358540-TOYO,"",""
361210-TOYO,"",""
361280-TOYO,"",""
556190-TOYO,"",""
556760-TOYO,"",""
562070-TOYO,"",""
W-34-10-20-EFX,"",""
13906-BF GOODRICH,"",""
28757349-FALKEN,"",""
28840125-FALKEN,"",""
28840310-FALKEN,"",""
28840597-FALKEN,"",""
28847117-FALKEN,"",""
28847557-FALKEN,"",""
22800501-MILESTAR,"",""
TM00186400-MAXXIS,"",""
TM00306200-MAXXIS,"",""
MC-35-10-20-EFX,"",""
MCR-35-10-15-EFX,"",""
MK-35-85-20-EFX,"",""
MK-35-85-22-EFX,"",""
MR-35-10-15XL-EFX,"",""
MR-35-10-20-EFX,"",""
MS-35-95-20-EFX,"",""
MS-35-95-24-EFX,"",""
90000001930-MICKEY THOMPSON TIRE,"",""
90000036981-MICKEY THOMPSON TIRE,"",""
MVR-35-95-15-EFX,"",""
MY-35-10-15-EFX,"",""
MY-35-10-18-EFX,"",""
MY-35-10-22-EFX,"",""
357230-TOYO,"",""
357320-TOYO,"",""
360090-TOYO,"",""
556120-TOYO,"",""
562120-TOYO,"",""
AVX-171800-AVIX,"",""
AVX-201800-AVIX,"",""
28757655-FALKEN,"",""
28757915-FALKEN,"",""
22050500-MILESTAR,"",""
22050501-MILESTAR,"",""
22050651-MILESTAR,"",""
22371300-MILESTAR,"",""
22371301-MILESTAR,"",""
261885-MICKEY THOMPSON TIRE,"",""
90000120116-MICKEY THOMPSON TIRE,"",""
90000120117-MICKEY THOMPSON TIRE,"",""
374150-NITTO,"",""
RFAT371250R22-FUEL TIRES,"",""
RFXT34575R17W-FUEL TIRES,"",""
357150-TOYO,"",""
358160-TOYO,"",""
358170-TOYO,"",""
358270-TOYO,"",""
358280-TOYO,"",""
358300-TOYO,"",""
28516734-FALKEN,"",""
28847550-FALKEN,"",""
22000084-MILESTAR,"",""
22000085-MILESTAR,"",""
22230005-MILESTAR,"",""
TM00352400-MAXXIS,"",""
TM00367500-MAXXIS,"",""
MCR-37-10-15-EFX,"",""
MCR-37-10-18-EFX,"",""
MK-37-85-24-EFX,"",""
MK-37-95-22-EFX,"",""
MR-37-10-15XL-EFX,"",""
MS-37-10-24-EFX,"",""
MY-37-10-15-EFX,"",""
MY-37-10-18-EFX,"",""
219110-NITTO,"",""
219120-NITTO,"",""
219130-NITTO,"",""
354660-TOYO,"",""
558350-TOYO,"",""
51750-BF GOODRICH,"",""
22000086-MILESTAR,"",""
22235006-MILESTAR,"",""
22235008-MILESTAR,"",""
261884-MICKEY THOMPSON TIRE,"",""
RFNT401350R17-FUEL TIRES,"",""
MCR-40-10-18-EFX,"",""
MK-40-95-24-EFX,"",""
MR-40-10-18XL-EFX,"",""
MS-40-10-24-EFX,"",""
22250001-MILESTAR,"",""
22804000-MILESTAR,"",""
261757-MICKEY THOMPSON TIRE,"",""
261758-MICKEY THOMPSON TIRE,"",""
361320-TOYO,"",""
500660-TOYO,"",""
547170-TOYO,"",""
MK-42-85-24-EFX,"",""
250098-MICKEY THOMPSON TIRE,"",""
RFXT441650R28-FUEL TIRES,"",""
546280-TOYO,"",""
MK-45-95-24-EFX,"",""
MS-45-10-24-EFX,"",""
250099-MICKEY THOMPSON TIRE,"",""
250100-MICKEY THOMPSON TIRE,"",""
250101-MICKEY THOMPSON TIRE,"",""
MS-50-10-24-EFX,"",""
250102-MICKEY THOMPSON TIRE,"",""
250103-MICKEY THOMPSON TIRE,"",""
