handle,model,color
202-forged-machined-mr20279070312bvr,MR202,silver
202-forged-machined-mr20279070325bvr,MR202,silver
202-forged-machined-mr20279060312bvr,MR202,silver
103-beadlock-machined-mr10379087312b,MR103,silver
103-beadlock-machined-mr10358055324br,MR103,silver
103-beadlock-machined-mr10358060324br,MR103,silver
103-beadlock-machined-mr10379060312br,MR103,silver
103-beadlock-machined-mr10379055312br,MR103,silver
103-beadlock-machined-mr10379070325br,MR103,silver
103-beadlock-machined-mr10379070312br,MR103,silver
103-beadlock-machined-mr10379070312hbvr,MR103,silver
103-beadlock-machined-mr10379060312b,MR103,silver
103-buggy-beadlock-machined-mr10354519325b,MR103,silver
103-buggy-beadlock-machined-mr10357019345b,MR103,silver
103-buggy-beadlock-machined-mr10357019325b,MR103,silver
103-buggy-beadlock-machined-mr10378019300b,MR103,silver
103-buggy-beadlock-machined-mr10376519319b,MR103,silver
201-forged-machined-mr20179055325bvr,MR201,silver
201-forged-machined-mr20179055312bvr,MR201,silver
107-bead-grip-titanium,MR107,gray