Redirect from,Redirect to
/products/107-bead-grip-titanium,/products/107-bead-grip-titanium
/products/buggy-beadlock-machined,/products/buggy-beadlock-machined-mr10155519320b
/products/truck-beadlock-machined,/products/truck-beadlock-machined-mr10179016312b
/products/103-buggy-beadlock-machined,/products/103-buggy-beadlock-machined-mr10354519325b
/products/103-beadlock-machined,/products/103-beadlock-machined-mr10358055324br
/products/105-beadlock-matte-black,/products/105-beadlock-matte-black-mr10578516500b
/products/105-beadlock-gold,/products/105-beadlock-gold-mr10579050138b
/products/105-beadlock-machined,/products/105-beadlock-machined-mr10579050338b
/products/106-beadlock-machined,/products/106-beadlock-machined-mr10679050344b
/products/106-beadlock-matte-black,/products/106-beadlock-matte-black-mr10679050544b
/products/106-beadlock-bronze,/products/106-beadlock-bronze-mr10679050944b
/products/108-matte-black,/products/108-matte-black-mr10879050544b
/products/108-gloss-titanium,/products/108-gloss-titanium-mr10879050844b
/products/201-forged-machined,/products/201-forged-machined-mr20179055312bvr
/products/202-forged-machined,/products/202-forged-machined-mr20279060312bvr
/products/standard-matte-black,/products/standard-matte-black-mr30121055518n
/products/the-standard-machine,/products/the-standard-machine-mr30129060318
/products/double-standard-machined-1,/products/double-standard-machined-1-mr30421016318n
/products/double-standard-black,/products/double-standard-black-mr30451012550n
/products/304-double-standard-method-bronze,/products/304-double-standard-method-bronze-mr30458012924n
/products/nv-black,/products/nv-black-mr30521016518n
/products/mr305-nv-bronze,/products/mr305-nv-bronze-mr30521016918n
/products/305-nv-titanium,/products/305-nv-titanium-mr30529060818
/products/nv-machined,/products/nv-machined-mr30568012300
/products/305-double-black,/products/305-double-black-mr305680601000
/products/305-nv-hd-matte-black,/products/305-nv-hd-matte-black-mr30578580500h
/products/305-nv-hd-bronze,/products/305-nv-hd-bronze-mr30589080918h
/products/mesh-matte-black,/products/mesh-matte-black-mr30678512500
/products/hole-matte-black,/products/hole-matte-black-mr30778516500
/products/roost-matte-black,/products/roost-matte-black-mr30878516500
/products/roost-bronze,/products/roost-bronze-mr30878560900
/products/grid-matte-black,/products/grid-matte-black-mr30978516500
/products/grid-titanium-w-matte-black-lip,/products/grid-titanium-w-matte-black-lip-mr30978516800
/products/312-double-black,/products/312-double-black-mr312785161000
/products/312-matte-black,/products/312-matte-black-mr31278516500
/products/312-bronze,/products/312-bronze-mr31278516900
/products/314-matte-black,/products/314-matte-black-mr31457051515
/products/314-gloss-titanium,/products/314-gloss-titanium-mr31457051815
/products/315-gold-black-lip,/products/315-gold-black-lip-mr31521016118n
/products/315-machined,/products/315-machined-mr31521016318n
/products/315-matte-black,/products/315-matte-black-mr31521016518n
/products/316-gloss-black,/products/316-gloss-black-mr316210161318n
/products/316-gloss-titanium,/products/316-gloss-titanium-mr31621016818n
/products/316-matte-black,/products/316-matte-black-mr31678016525
/products/317-matte-black,/products/317-matte-black-mr31729058518
/products/317-matte-titanium,/products/317-matte-titanium-mr31729058818
/products/318-gloss-black,/products/318-gloss-black-mr318570511315
/products/318-method-bronze,/products/318-method-bronze-mr31857051915
/products/319-gloss-black,/products/319-gloss-black-mr319290161318
/products/319-method-bronze,/products/319-method-bronze-mr31929016918
/products/beadlock-machined-utv,/products/beadlock-machined-utv-mr40147046343b
/products/beadlock-black-utv,/products/beadlock-black-utv-mr40147046543b
/products/401-utv-beadlock-titanium,/products/401-utv-beadlock-titanium-mr40147046843b
/products/401-r-utv-beadlock-high-offset-raw-machined,/products/401-r-utv-beadlock-high-offset-raw-machined-mr40155012340b
/products/401-r-utv-beadlock-raw-machined,/products/401-r-utv-beadlock-raw-machined-mr40155046300b2
/products/405-utv-beadlock-matte-black,/products/405-utv-beadlock-matte-black-mr40557046543b
/products/405-utv-beadlock-bronze,/products/405-utv-beadlock-bronze-mr40557046943b
/products/406-utv-beadlock-matte-black,/products/406-utv-beadlock-matte-black-mr40641046555b
/products/407-matte-black,/products/407-matte-black-mr40746046551
/products/407-bahia-blue,/products/407-bahia-blue-mr40746046651
/products/409-utv-beadlock-steel-grey,/products/409-utv-beadlock-steel-grey-mr40947046443
/products/409-utv-beadlock-matte-black,/products/409-utv-beadlock-matte-black-mr40947046543
/products/411-utv-bead-grip-matte-black,/products/411-utv-bead-grip-matte-black-mr41147046543
/products/411-utv-bead-grip-gloss-titanium,/products/411-utv-bead-grip-gloss-titanium-mr41147046843
/products/412-utv-beadlock-machined-raw,/products/412-utv-beadlock-machined-raw-mr41255012343b
/products/412-utv-bead-grip-machined-raw,/products/412-utv-bead-grip-machined-raw-mr41256012351
/products/413-utv-beadlock-polished,/products/413-utv-beadlock-polished-mr413510121155b
/products/414-utv-bead-grip-graphite,/products/414-utv-bead-grip-graphite-mr414470461243
/products/414-utv-bead-grip-matte-black,/products/414-utv-bead-grip-matte-black-mr41447046543
/products/415-utv-beadlock-matte-black-gloss-black-ring,/products/415-utv-beadlock-matte-black-gloss-black-ring-mr415510121064b
/products/415-utv-beadlock-graphite-gloss-graphite-ring,/products/415-utv-beadlock-graphite-gloss-graphite-ring-mr415510121264b
/products/mr501-rally-vt-spec,/products/mr501-rally-vt-spec-mr50157012548sc
/products/501-vt-spec-bronze,/products/501-vt-spec-bronze-mr50157051948sc
/products/501-rally-matte-black,/products/501-rally-matte-black-mr50178012542
/products/501-rally-titanium,/products/501-rally-titanium-mr50178012842
/products/501-rally-method-bronze,/products/501-rally-method-bronze-mr50178012942-2
/products/mr502-rally-vt-spec,/products/mr502-rally-vt-spec-mr50257012515sc
/products/502-vt-spec-bronze,/products/502-vt-spec-bronze-mr50257012915sc
/products/502-vt-spec-gold,/products/502-vt-spec-gold-mr50257051115sc
/products/502-rally-matte-black,/products/502-rally-matte-black-mr50267012515-2
/products/502-rally-gold,/products/502-rally-gold-mr50278012138-2
/products/502-rally-titanium,/products/502-rally-titanium-mr50278012838-2
/products/502-rally-method-bronze,/products/502-rally-method-bronze-mr50278012938-2
/products/605-nv-machined-clear-coat,/products/605-nv-machined-clear-coat-mr60521016324n
/products/605-nv-matte-black,/products/605-nv-matte-black-mr60521016524n
/products/605-nv-gloss-titanium,/products/605-nv-gloss-titanium-mr60521016824n
/products/605-nv-bronze,/products/605-nv-bronze-mr60521016924n
/products/701-matte-black,/products/701-matte-black-mr70157051515
/products/701-bahia-blue,/products/701-bahia-blue-mr70157051615
/products/701-bronze,/products/701-bronze-mr70157051915
/products/701-method-bronze-clearance,/products/701-method-bronze-clearance-mr70166568990-s
/products/701-hd-matte-black,/products/701-hd-matte-black-mr70189080518h
/products/701-hd-method-bronze,/products/701-hd-method-bronze-mr70189080918h
/products/702-matte-black,/products/702-matte-black-mr70268060500
/products/702-bronze-1,/products/702-bronze-1-mr70268062900
/products/703-matte-black,/products/703-matte-black-mr70357051515
/products/703-gloss-titanium,/products/703-gloss-titanium-mr70357051815
/products/703-method-bronze,/products/703-method-bronze-mr70357051915
/products/703-method-bronze-clearance,/products/703-method-bronze-clearance-mr70366568990-s
/products/mr704-matte-black,/products/mr704-matte-black-mr70457051515
/products/mr704-titanium,/products/mr704-titanium-mr70457051815
/products/704-hd-matte-black,/products/704-hd-matte-black-mr70479080518h
/products/704-hd-titanium,/products/704-hd-titanium-mr70479080818h
/products/705-matte-black,/products/705-matte-black-mr70578516500
/products/705-matte-titanium,/products/705-matte-titanium-mr70578516800
/products/706-matte-black,/products/706-matte-black-mr70677512530
/products/706-method-bronze,/products/706-method-bronze-mr70677512930
/products/707-matte-black,/products/707-matte-black-mr70757051515
/products/707-bahia-blue,/products/707-bahia-blue-mr70777563650
/products/901-dually-wheel-matte-black-front,/products/901-dually-wheel-matte-black-front-mr901655925117
/products/901-dually-wheel-matte-black-rear,/products/901-dually-wheel-matte-black-rear-mr901655925138n
/products/305-nv-red,/products/305-nv-red-zmr30521080218n
/products/305-nv-bahia-blue-gloss-black-lip,/products/305-nv-bahia-blue-gloss-black-lip-zmr30568060600
