Handle,Image Src,Image Position,Image Alt Text
305-nv-bahia-blue-gloss-black-lip-zmr30578580600,https://cdn.shopify.com/s/files/1/0065/0048/3116/products/method-mr305-wheel-8lug-bahia-blue-black-lip-18x9-1000.jpg?v=1694802912,1,Method 305 17x8.5 8x165.1 (8x6.5) 0mm NV Gloss Bahia Blue - Gloss Black Lip ZMR30578580600
305-nv-bahia-blue-gloss-black-lip-zmr30578587600,https://cdn.shopify.com/s/files/1/0065/0048/3116/products/method-mr305-wheel-8lug-bahia-blue-black-lip-18x9-1000.jpg?v=1694802912,1,Method 305 17x8.5 8x170 0mm NV Gloss Bahia Blue - Gloss Black Lip ZMR30578587600
305-nv-bahia-blue-gloss-black-lip-zmr30589080618,https://cdn.shopify.com/s/files/1/0065/0048/3116/products/method-mr305-wheel-8lug-bahia-blue-black-lip-18x9-1000.jpg?v=1694802912,1,Method 305 18x9 8x165.1 (8x6.5) 18mm NV Gloss Bahia Blue - Gloss Black Lip ZMR30589080618
305-nv-bahia-blue-gloss-black-lip-zmr30589087618,https://cdn.shopify.com/s/files/1/0065/0048/3116/products/method-mr305-wheel-8lug-bahia-blue-black-lip-18x9-1000.jpg?v=1694802912,1,Method 305 18x9 8x170 18mm NV Gloss Bahia Blue - Gloss Black Lip ZMR30589087618
315-gold-black-lip-mr31578516100,https://cdn.shopify.com/s/files/1/0065/0048/3116/products/MR315-wheel_gold_3_4_6lug_1000px_u1.jpg?v=1694802920,1,Method 315 17x8.5 6x135 0mm Gold - Black Lip MR31578516100
315-gold-black-lip-mr31578560100,https://cdn.shopify.com/s/files/1/0065/0048/3116/products/MR315-wheel_gold_3_4_6lug_1000px_u1.jpg?v=1694802920,1,Method 315 17x8.5 6x139.7 (6x5.5) 0mm Gold - Black Lip MR31578560100
the-standard-machine-mr30189080318,https://cdn.shopify.com/s/files/1/0065/0048/3116/products/method_mr301_17x85-1605-918-00-1000.png?v=1694802985,1,Method 301 18x9 8x165.1 (8x6.5) 18mm The Standard Machined - Clear Coat MR30189080318
the-standard-machine-mr30189087318,https://cdn.shopify.com/s/files/1/0065/0048/3116/products/method_mr301_17x85-1605-918-00-1000.png?v=1694802985,1,Method 301 18x9 8x170 18mm The Standard Machined - Clear Coat MR30189087318
the-standard-machine-mr30189088318,https://cdn.shopify.com/s/files/1/0065/0048/3116/products/method_mr301_17x85-1605-918-00-1000.png?v=1694802985,1,Method 301 18x9 8x180 18mm The Standard Machined - Clear Coat MR30189088318
the-standard-machine-mr30129080318,https://cdn.shopify.com/s/files/1/0065/0048/3116/products/method_mr301_17x85-1605-918-00-1000.png?v=1694802985,1,Method 301 20x9 8x165.1 (8x6.5) 18mm The Standard Machined - Clear Coat MR30129080318
the-standard-machine-mr30129087318,https://cdn.shopify.com/s/files/1/0065/0048/3116/products/method_mr301_17x85-1605-918-00-1000.png?v=1694802985,1,Method 301 20x9 8x170 18mm The Standard Machined - Clear Coat MR30129087318
701-bronze-mr70166568990,https://cdn.shopify.com/s/files/1/0065/0048/3116/products/method-mr701-transit-wheel-6lug-bronze-16x6-5-1000.png?v=1694895130,1,Method 701 16x6.5 6x180 90mm Method Bronze MR70166568990
312-bronze-mr31289080918,https://cdn.shopify.com/s/files/1/0065/0048/3116/products/Method_Race_Wheels_MR312_Bronze_Matte_Black_Lip_8_Lug.png?v=1694895144,1,Method 312 18x9 8x165.1 (8x6.5) 18mm Method Bronze - Matte Black Lip MR31289080918
mr704-titanium-mr70457051815,https://cdn.shopify.com/s/files/1/0065/0048/3116/products/MR704-wheel-5lug-titanium-17x8-5-1000.jpg?v=1694895202,1,Method 704 15x7 5x100 15mm Titanium MR70457051815
mr704-titanium-mr70478550800,https://cdn.shopify.com/s/files/1/0065/0048/3116/products/MR704-wheel-5lug-titanium-17x8-5-1000.jpg?v=1694895202,1,Method 704 17x8.5 5x127 (5x5) 0mm Titanium MR70478550800
mr704-titanium-mr70478558800,https://cdn.shopify.com/s/files/1/0065/0048/3116/products/MR704-wheel-5lug-titanium-17x8-5-1000.jpg?v=1694895202,1,Method 704 17x8.5 5x150 0mm Titanium MR70478558800
316-gloss-titanium-mr31678062825,https://cdn.shopify.com/s/files/1/0065/0048/3116/products/method-mr316-wheel-6lug-gloss-titanium-17x8-5-1000.jpg?v=1694895204,1,Method 316 17x8 6x120 25mm Gloss Titanium MR31678062825
316-gloss-titanium-mr31678016825,https://cdn.shopify.com/s/files/1/0065/0048/3116/products/method-mr316-wheel-6lug-gloss-titanium-17x8-5-1000.jpg?v=1694895204,1,Method 316 17x8 6x135 25mm Gloss Titanium MR31678016825
316-gloss-titanium-mr31678060825,https://cdn.shopify.com/s/files/1/0065/0048/3116/products/method-mr316-wheel-6lug-gloss-titanium-17x8-5-1000.jpg?v=1694895204,1,Method 316 17x8 6x139.7 (6x5.5) 25mm Gloss Titanium MR31678060825
316-gloss-titanium-mr31678516800,https://cdn.shopify.com/s/files/1/0065/0048/3116/products/method-mr316-wheel-6lug-gloss-titanium-17x8-5-1000.jpg?v=1694895204,1,Method 316 17x8.5 6x135 0mm Gloss Titanium MR31678516800
316-gloss-titanium-mr31678560800,https://cdn.shopify.com/s/files/1/0065/0048/3116/products/method-mr316-wheel-6lug-gloss-titanium-17x8-5-1000.jpg?v=1694895204,1,Method 316 17x8.5 6x139.7 (6x5.5) 0mm Gloss Titanium MR31678560800
316-gloss-titanium-mr31689016818,https://cdn.shopify.com/s/files/1/0065/0048/3116/products/method-mr316-wheel-6lug-gloss-titanium-17x8-5-1000.jpg?v=1694895204,1,Method 316 18x9 6x135 18mm Gloss Titanium MR31689016818
316-gloss-titanium-mr31689060818,https://cdn.shopify.com/s/files/1/0065/0048/3116/products/method-mr316-wheel-6lug-gloss-titanium-17x8-5-1000.jpg?v=1694895204,1,Method 316 18x9 6x139.7 (6x5.5) 18mm Gloss Titanium MR31689060818
316-gloss-titanium-mr31629050818,https://cdn.shopify.com/s/files/1/0065/0048/3116/products/method-mr316-wheel-6lug-gloss-titanium-17x8-5-1000.jpg?v=1694895204,1,Method 316 20x9 5x127 (5x5) 18mm Gloss Titanium MR31629050818
415-utv-beadlock-graphite-gloss-graphite-ring-mr415570121252b,https://cdn.shopify.com/s/files/1/0065/0048/3116/products/method-mr415-wheel-5lug-gloss-graphite-15x7-1000.png?v=1694972841,1,Method 415 15x7 5x114.3 (5x4.5) 38mm UTV Beadlock Gloss Graphite - Gloss Graphite Ring MR415570121252B
415-utv-beadlock-graphite-gloss-graphite-ring-mr415510471264b,https://cdn.shopify.com/s/files/1/0065/0048/3116/products/method-mr415-wheel-4lug-gloss-graphite-15x10-1000.png?v=1694972839,1,Method 415 15x10 4x136 25mm UTV Beadlock Gloss Graphite - Gloss Graphite Ring MR415510471264B
415-utv-beadlock-graphite-gloss-graphite-ring-mr415510461264b,https://cdn.shopify.com/s/files/1/0065/0048/3116/products/method-mr415-wheel-4lug-gloss-graphite-15x10-1000.png?v=1694972839,1,Method 415 15x10 4x156 25mm UTV Beadlock Gloss Graphite - Gloss Graphite Ring MR415510461264B
415-utv-beadlock-graphite-gloss-graphite-ring-mr415510121264b,https://cdn.shopify.com/s/files/1/0065/0048/3116/products/method-mr415-wheel-5lug-gloss-graphite-15x7-1000.png?v=1694972841,1,Method 415 15x10 5x114.3 (5x4.5) 25mm UTV Beadlock Gloss Graphite - Gloss Graphite Ring MR415510121264B
415-utv-beadlock-matte-black-gloss-black-ring-mr415510471064b,https://cdn.shopify.com/s/files/1/0065/0048/3116/products/method-mr415-wheel-4lug-double-black-15x10-1000.png?v=1694972847,1,Method 415 15x10 4x136 25mm UTV Beadlock Double Black MR415510471064B
319-method-bronze-mr31978516900,https://cdn.shopify.com/s/files/1/0065/0048/3116/products/MRW_319-Method-Bronze-6lug-Studio-17x8-5-1000.png?v=1694972856,1,Method 319 17x8.5 6x135 0mm Method Bronze MR31978516900
319-method-bronze-mr31978560900,https://cdn.shopify.com/s/files/1/0065/0048/3116/products/MRW_319-Method-Bronze-6lug-Studio-17x8-5-1000.png?v=1694972856,1,Method 319 17x8.5 6x139.7 (6x5.5) 0mm Method Bronze MR31978560900
319-method-bronze-mr31978580900,https://cdn.shopify.com/s/files/1/0065/0048/3116/products/MRW_319-Method-Bronze-8lug-Studio-17x8-5-1000.png?v=1694972862,1,Method 319 17x8.5 8x165.1 (8x6.5) 0mm Method Bronze MR31978580900
319-method-bronze-mr31978587900,https://cdn.shopify.com/s/files/1/0065/0048/3116/products/MRW_319-Method-Bronze-8lug-Studio-17x8-5-1000.png?v=1694972862,1,Method 319 17x8.5 8x170 0mm Method Bronze MR31978587900
319-method-bronze-mr31979060912n,https://cdn.shopify.com/s/files/1/0065/0048/3116/products/MRW_319-Method-Bronze-6lug-Studio-17x8-5-1000.png?v=1694972856,1,Method 319 17x9 6x139.7 (6x5.5) -12mm Method Bronze MR31979060912N
319-method-bronze-mr31988560940,https://cdn.shopify.com/s/files/1/0065/0048/3116/products/MRW_319-Method-Bronze-6lug-Studio-17x8-5-1000.png?v=1694972856,1,Method 319 18x8.5 6x139.7 (6x5.5) 40mm Method Bronze MR31988560940
319-method-bronze-mr31988516940,https://cdn.shopify.com/s/files/1/0065/0048/3116/products/MRW_319-Method-Bronze-6lug-Studio-17x8-5-1000.png?v=1694972856,1,Method 319 18x8.5 6x135 40mm Method Bronze MR31988516940
319-method-bronze-mr31989016918,https://cdn.shopify.com/s/files/1/0065/0048/3116/products/MRW_319-Method-Bronze-6lug-Studio-17x8-5-1000.png?v=1694972856,1,Method 319 18x9 6x135 18mm Method Bronze MR31989016918
319-method-bronze-mr31989060918,https://cdn.shopify.com/s/files/1/0065/0048/3116/products/MRW_319-Method-Bronze-6lug-Studio-17x8-5-1000.png?v=1694972856,1,Method 319 18x9 6x139.7 (6x5.5) 18mm Method Bronze MR31989060918
319-method-bronze-mr31989080918,https://cdn.shopify.com/s/files/1/0065/0048/3116/products/MRW_319-Method-Bronze-8lug-Studio-17x8-5-1000.png?v=1694972862,1,Method 319 18x9 8x165.1 (8x6.5) 18mm Method Bronze MR31989080918
319-method-bronze-mr31989088918,https://cdn.shopify.com/s/files/1/0065/0048/3116/products/MRW_319-Method-Bronze-8lug-Studio-17x8-5-1000.png?v=1694972862,1,Method 319 18x9 8x180 18mm Method Bronze MR31989088918
319-method-bronze-mr31929016918,https://cdn.shopify.com/s/files/1/0065/0048/3116/products/MRW_319-Method-Bronze-6lug-Studio-17x8-5-1000.png?v=1694972856,1,Method 319 20x9 6x135 18mm Method Bronze MR31929016918
319-method-bronze-mr31929060918,https://cdn.shopify.com/s/files/1/0065/0048/3116/products/MRW_319-Method-Bronze-6lug-Studio-17x8-5-1000.png?v=1694972856,1,Method 319 20x9 6x139.7 (6x5.5) 18mm Method Bronze MR31929060918
319-method-bronze-mr31929087918,https://cdn.shopify.com/s/files/1/0065/0048/3116/products/MRW_319-Method-Bronze-8lug-Studio-17x8-5-1000.png?v=1694972862,1,Method 319 20x9 8x170 18mm Method Bronze MR31929087918
319-method-bronze-mr31929088918,https://cdn.shopify.com/s/files/1/0065/0048/3116/products/MRW_319-Method-Bronze-8lug-Studio-17x8-5-1000.png?v=1694972862,1,Method 319 20x9 8x180 18mm Method Bronze MR31929088918
319-method-bronze-mr31929080918,https://cdn.shopify.com/s/files/1/0065/0048/3116/products/MRW_319-Method-Bronze-8lug-Studio-17x8-5-1000.png?v=1694972862,1,Method 319 20x9 8x165.1 (8x6.5) 18mm Method Bronze MR31929080918
318-method-bronze-mr31857051915,https://cdn.shopify.com/s/files/1/0065/0048/3116/products/MRW_318-Bronze-studio-5Lug_000.jpg?v=1694972877,1,Method 318 15x7 5x100 15mm Method Bronze MR31857051915
318-method-bronze-mr31878550925,https://cdn.shopify.com/s/files/1/0065/0048/3116/products/MRW_318-Bronze-studio-5Lug_000.jpg?v=1694972877,1,Method 318 17x8.5 5x127 (5x5) 25mm Method Bronze MR31878550925
318-method-bronze-mr31878580900,https://cdn.shopify.com/s/files/1/0065/0048/3116/products/MRW_318-Bronze-studio-8Lug_016.jpg?v=1694972875,1,Method 318 17x8.5 8x165.1 (8x6.5) 0mm Method Bronze MR31878580900
318-method-bronze-mr31878587900,https://cdn.shopify.com/s/files/1/0065/0048/3116/products/MRW_318-Bronze-studio-8Lug_016.jpg?v=1694972875,1,Method 318 17x8.5 8x170 0mm Method Bronze MR31878587900
318-method-bronze-mr31888558940,https://cdn.shopify.com/s/files/1/0065/0048/3116/products/MRW_318-Bronze-studio-5Lug_000.jpg?v=1694972877,1,Method 318 18x8.5 5x150 40mm Method Bronze MR31888558940
standard-matte-black-mr30157060506n,https://cdn.shopify.com/s/files/1/0065/0048/3116/products/MR301_The_Standard_Matte_Black_6_Lug-Shadow-WEB.png?v=1694972883,1,Method 301 15x7 6x139.7 (6x5.5) -6mm The Standard Matte Black MR30157060506N
standard-matte-black-mr30168060500,https://cdn.shopify.com/s/files/1/0065/0048/3116/products/MR301_The_Standard_Matte_Black_6_Lug-Shadow-WEB.png?v=1694972883,1,Method 301 16x8 6x139.7 (6x5.5) 0mm The Standard Matte Black MR30168060500
standard-matte-black-mr30177563550,https://cdn.shopify.com/s/files/1/0065/0048/3116/products/MR301_The_Standard_Matte_Black_6_Lug-Shadow-WEB.png?v=1694972883,1,Method 301 17x7.5 6x130 50mm The Standard Matte Black MR30177563550
standard-matte-black-mr30178564525,https://cdn.shopify.com/s/files/1/0065/0048/3116/products/MR301_The_Standard_Matte_Black_6_Lug-Shadow-WEB.png?v=1694972883,1,Method 301 17x8.5 6x114.3 (6x4.5) 25mm The Standard Matte Black MR30178564525
standard-matte-black-mr30178560500,https://cdn.shopify.com/s/files/1/0065/0048/3116/products/MR301_The_Standard_Matte_Black_6_Lug-Shadow-WEB.png?v=1694972883,1,Method 301 17x8.5 6x139.7 (6x5.5) 0mm The Standard Matte Black MR30178560500
standard-matte-black-mr30178516500,https://cdn.shopify.com/s/files/1/0065/0048/3116/products/MR301_The_Standard_Matte_Black_6_Lug-Shadow-WEB.png?v=1694972883,1,Method 301 17x8.5 6x135 0mm The Standard Matte Black MR30178516500
standard-matte-black-mr30178560525,https://cdn.shopify.com/s/files/1/0065/0048/3116/products/MR301_The_Standard_Matte_Black_6_Lug-Shadow-WEB.png?v=1694972883,1,Method 301 17x8.5 6x139.7 (6x5.5) 25mm The Standard Matte Black MR30178560525
standard-matte-black-mr30179060512n,https://cdn.shopify.com/s/files/1/0065/0048/3116/products/MR301_The_Standard_Matte_Black_6_Lug-Shadow-WEB.png?v=1694972883,1,Method 301 17x9 6x139.7 (6x5.5) -12mm The Standard Matte Black MR30179060512N
standard-matte-black-mr30189060512n,https://cdn.shopify.com/s/files/1/0065/0048/3116/products/MR301_The_Standard_Matte_Black_6_Lug-Shadow-WEB.png?v=1694972883,1,Method 301 18x9 6x139.7 (6x5.5) -12mm The Standard Matte Black MR30189060512N
standard-matte-black-mr30189060518,https://cdn.shopify.com/s/files/1/0065/0048/3116/products/MR301_The_Standard_Matte_Black_6_Lug-Shadow-WEB.png?v=1694972883,1,Method 301 18x9 6x139.7 (6x5.5) 18mm The Standard Matte Black MR30189060518
standard-matte-black-mr30189016518,https://cdn.shopify.com/s/files/1/0065/0048/3116/products/MR301_The_Standard_Matte_Black_6_Lug-Shadow-WEB.png?v=1694972883,1,Method 301 18x9 6x135 18mm The Standard Matte Black MR30189016518
standard-matte-black-mr30129060518,https://cdn.shopify.com/s/files/1/0065/0048/3116/products/MR301_The_Standard_Matte_Black_6_Lug-Shadow-WEB.png?v=1694972883,1,Method 301 20x9 6x139.7 (6x5.5) 18mm The Standard Matte Black MR30129060518
standard-matte-black-mr30129016518,https://cdn.shopify.com/s/files/1/0065/0048/3116/products/MR301_The_Standard_Matte_Black_6_Lug-Shadow-WEB.png?v=1694972883,1,Method 301 20x9 6x135 18mm The Standard Matte Black MR30129016518
108-gloss-titanium-mr10879080844b,https://cdn.shopify.com/s/files/1/0065/0048/3116/products/method-mr108-wheel-8lug-gloss-titanium-17x9-1000_731e2a9d-cab8-40bd-93b7-69fcc5fb822b.jpg?v=1695667443,1,Method 108 17x9 8x165.1 (8x6.5) -44mm Beadlock Gloss Titanium MR10879080844B
314-gloss-titanium-mr31478560800,https://cdn.shopify.com/s/files/1/0065/0048/3116/products/MR314_Gloss_Titanium_6_Lug_1000px.png?v=1695667515,1,Method 314 17x8.5 6x139.7 (6x5.5) 0mm Gloss Titanium MR31478560800
314-gloss-titanium-mr31478580800,https://cdn.shopify.com/s/files/1/0065/0048/3116/products/method-mr314-wheel-8lug-titanium-gloss-17x85-1000.png?v=1695667520,1,Method 314 17x8.5 8x165.1 (8x6.5) 0mm Gloss Titanium MR31478580800
314-gloss-titanium-mr31489060818,https://cdn.shopify.com/s/files/1/0065/0048/3116/products/MR314_Gloss_Titanium_6_Lug_1000px.png?v=1695667515,1,Method 314 18x9 6x139.7 (6x5.5) 18mm Gloss Titanium MR31489060818
